13:23:00.439 [ INFO] maestro.cli.runner.CliConsoleListener.onCommandStart: Define variables RUNNING
13:23:00.442 [ INFO] maestro.cli.runner.CliConsoleListener.onCommandFinished: Define variables COMPLETED
13:23:00.442 [ INFO] maestro.cli.runner.CliConsoleListener.onCommandStart: Apply configuration RUNNING
13:23:00.443 [ INFO] maestro.cli.runner.CliConsoleListener.onCommandFinished: Apply configuration COMPLETED
13:23:00.443 [ INFO] maestro.cli.runner.CliConsoleListener.onCommandStart: Launch app "com.flowmobile" with clear state (launch arguments: {MAESTRO_TEST_MODE=true, MAESTRO_API_URL=http://192.168.0.138:8000}) RUNNING
13:23:00.444 [ INFO] maestro.Maestro.clearAppState$lambda$8: Clearing app state com.flowmobile
13:23:10.957 [DEBUG] maestro.Maestro.setPermissionInternal: Failed to set permission android.hardware.usb.UsbAccessory for app com.flowmobile: shell command failed (exit -1): 
Exception occurred while executing 'grant':
java.lang.IllegalArgumentException: Unknown permission android.hardware.usb.UsbAccessory
	at com.android.server.permission.access.permission.PermissionService.access$setRuntimePermissionGranted(qb/97281722 7c90224ff0d416aeb6cb4424c691e44226b4b42fba9bad6a8d455ec1073db6ed:47)
	at com.android.server.permission.access.permission.PermissionService.setRuntimePermissionGranted$default(qb/97281722 7c90224ff0d416aeb6cb4424c691e44226b4b42fba9bad6a8d455ec1073db6ed:293)
	at com.android.server.permission.access.permission.PermissionService.grantRuntimePermission(qb/97281722 7c90224ff0d416aeb6cb4424c691e44226b4b42fba9bad6a8d455ec1073db6ed:11)
	at com.android.server.pm.permission.PermissionManagerService.grantRuntimePermission(qb/97281722 7c90224ff0d416aeb6cb4424c691e44226b4b42fba9bad6a8d455ec1073db6ed:3)
	at android.permission.PermissionManager.grantRuntimePermissionInternal(PermissionManager.java:681)
	at android.permission.PermissionManager.grantRuntimePermission(PermissionManager.java:644)
	at com.android.server.pm.PackageManagerShellCommand.runGrantRevokePermission(qb/97281722 7c90224ff0d416aeb6cb4424c691e44226b4b42fba9bad6a8d455ec1073db6ed:258)
	at com.android.server.pm.PackageManagerShellCommand.onCommand(qb/97281722 7c90224ff0d416aeb6cb4424c691e44226b4b42fba9bad6a8d455ec1073db6ed:1700)
	at com.android.modules.utils.BasicShellCommandHandler.exec(BasicShellCommandHandler.java:97)
	at android.os.ShellCommand.exec(ShellCommand.java:38)
	at com.android.server.pm.PackageManagerService$IPackageManagerImpl.onShellCommand(qb/97281722 7c90224ff0d416aeb6cb4424c691e44226b4b42fba9bad6a8d455ec1073db6ed:23)
	at android.os.Binder.shellCommand(Binder.java:1266)
	at android.os.Binder.onTransact(Binder.java:1069)
	at android.content.pm.IPackageManager$Stub.onTransact(IPackageManager.java:5172)
	at com.android.server.pm.PackageManagerService$IPackageManagerImpl.onTransact(qb/97281722 7c90224ff0d416aeb6cb4424c691e44226b4b42fba9bad6a8d455ec1073db6ed:1)
	at android.os.Binder.execTransactInternal(Binder.java:1541)
	at android.os.Binder.execTransact(Binder.java:1480)

13:23:11.156 [ INFO] maestro.Maestro.launchApp$lambda$5: Launching app com.flowmobile
13:23:11.157 [ INFO] maestro.Maestro.launchApp$lambda$5: Stopping com.flowmobile app during launch
13:23:11.380 [ INFO] maestro.cli.runner.CliConsoleListener.onCommandFinished: Launch app "com.flowmobile" with clear state (launch arguments: {MAESTRO_TEST_MODE=true, MAESTRO_API_URL=http://192.168.0.138:8000}) COMPLETED
13:23:11.381 [ INFO] maestro.cli.runner.CliConsoleListener.onCommandStart: Take screenshot start RUNNING
13:23:11.386 [ INFO] maestro.Maestro.takeScreenshot: Taking screenshot
13:23:11.388 [TRACE] maestro.utils.ScreenshotUtils.takeScreenshot: Taking screenshot to output sink
13:23:11.944 [ INFO] maestro.cli.runner.CliConsoleListener.onCommandFinished: Take screenshot start COMPLETED
13:23:11.944 [ INFO] maestro.cli.runner.CliConsoleListener.onCommandStart: Run flows/shared-login.yaml RUNNING
13:23:11.946 [ INFO] maestro.cli.runner.CliConsoleListener.onCommandStart: Define variables RUNNING
13:23:11.947 [ INFO] maestro.cli.runner.CliConsoleListener.onCommandFinished: Define variables COMPLETED
13:23:11.947 [ INFO] maestro.cli.runner.CliConsoleListener.onCommandStart: Apply configuration RUNNING
13:23:11.948 [ INFO] maestro.cli.runner.CliConsoleListener.onCommandFinished: Apply configuration COMPLETED
13:23:11.948 [ INFO] maestro.cli.runner.CliConsoleListener.onCommandStart: Tap on (Optional) "Later" RUNNING
13:23:18.634 [ INFO] maestro.orchestra.Orchestra.executeSubflowCommands: [Command execution subflow] CommandWarned: Element not found: Text matching regex: Later
13:23:18.895 [ INFO] maestro.Maestro.takeScreenshot: Taking screenshot
13:23:18.895 [TRACE] maestro.utils.ScreenshotUtils.takeScreenshot: Taking screenshot to output sink
13:23:19.094 [ INFO] maestro.cli.runner.CliConsoleListener.onCommandFinished: Tap on (Optional) "Later" WARNED
13:23:19.095 [ INFO] maestro.cli.runner.CliConsoleListener.onCommandStart: Assert that id: login-username-input is visible RUNNING
13:23:20.276 [ INFO] maestro.cli.runner.CliConsoleListener.onCommandFinished: Assert that id: login-username-input is visible COMPLETED
13:23:20.277 [ INFO] maestro.cli.runner.CliConsoleListener.onCommandStart: Take screenshot login-screen RUNNING
13:23:20.278 [ INFO] maestro.Maestro.takeScreenshot: Taking screenshot
13:23:20.278 [TRACE] maestro.utils.ScreenshotUtils.takeScreenshot: Taking screenshot to output sink
13:23:20.489 [ INFO] maestro.cli.runner.CliConsoleListener.onCommandFinished: Take screenshot login-screen COMPLETED
13:23:20.489 [ INFO] maestro.cli.runner.CliConsoleListener.onCommandStart: Tap on id: login-username-input RUNNING
13:23:20.909 [ INFO] maestro.Maestro.tap-HgV9Ck0: Tapping on element:  UiElement(treeNode=TreeNode(attributes={text=, accessibilityText=, hintText=Enter your username, ignoreBoundsFiltering=false, resource-id=login-username-input, clickable=true, bounds=[110,889][970,1034], enabled=true, focused=false, checked=false, scrollable=false, selected=false, class=android.widget.EditText, important-for-accessibility=true, error=}, children=[], clickable=true, enabled=true, focused=false, checked=false, selected=false), bounds=Bounds(x=110, y=889, width=860, height=145))
13:23:22.301 [ INFO] maestro.Maestro.tap-HgV9Ck0: Tap aimed via settled hierarchy
13:23:22.306 [ INFO] maestro.Maestro.hierarchyBasedTap-ogj28Uc: Tapping at (540, 961) using hierarchy based logic for wait
13:23:24.021 [ INFO] maestro.Maestro.hierarchyBasedTap-ogj28Uc: Something has changed in the UI judging by view hierarchy. Proceed.
13:23:24.023 [ INFO] maestro.cli.runner.CliConsoleListener.onCommandFinished: Tap on id: login-username-input COMPLETED
13:23:24.025 [ INFO] maestro.cli.runner.CliConsoleListener.onCommandStart: Input text ${TEST_USERNAME} RUNNING
13:23:24.581 [ INFO] maestro.Maestro.inputText: Inputting text: neato-tester-local
13:23:28.376 [ INFO] maestro.cli.runner.CliConsoleListener.onCommandFinished: Input text ${TEST_USERNAME} COMPLETED
13:23:28.378 [ INFO] maestro.cli.runner.CliConsoleListener.onCommandStart: Tap on id: login-password-input RUNNING
13:23:28.721 [ INFO] maestro.Maestro.tap-HgV9Ck0: Tapping on element:  UiElement(treeNode=TreeNode(attributes={text=, accessibilityText=, hintText=Enter your password, ignoreBoundsFiltering=false, resource-id=login-password-input, clickable=true, bounds=[110,797][897,943], enabled=true, focused=false, checked=false, scrollable=false, selected=false, class=android.widget.EditText, important-for-accessibility=true, error=}, children=[], clickable=true, enabled=true, focused=false, checked=false, selected=false), bounds=Bounds(x=110, y=797, width=787, height=146))
13:23:30.260 [ INFO] maestro.Maestro.tap-HgV9Ck0: Tap aimed via settled hierarchy
13:23:30.261 [ INFO] maestro.Maestro.hierarchyBasedTap-ogj28Uc: Tapping at (503, 870) using hierarchy based logic for wait
13:23:31.867 [ INFO] maestro.Maestro.hierarchyBasedTap-ogj28Uc: Something has changed in the UI judging by view hierarchy. Proceed.
13:23:31.869 [ INFO] maestro.cli.runner.CliConsoleListener.onCommandFinished: Tap on id: login-password-input COMPLETED
13:23:31.870 [ INFO] maestro.cli.runner.CliConsoleListener.onCommandStart: Input text ${TEST_PASSWORD} RUNNING
13:23:31.883 [ INFO] maestro.Maestro.inputText: Inputting text: Test1234!
13:23:34.178 [ INFO] maestro.cli.runner.CliConsoleListener.onCommandFinished: Input text ${TEST_PASSWORD} COMPLETED
13:23:34.183 [ INFO] maestro.cli.runner.CliConsoleListener.onCommandStart: Hide Keyboard RUNNING
13:23:34.192 [ INFO] maestro.Maestro.hideKeyboard$lambda$12: Hiding Keyboard
13:23:35.407 [ INFO] maestro.cli.runner.CliConsoleListener.onCommandFinished: Hide Keyboard COMPLETED
13:23:35.407 [ INFO] maestro.cli.runner.CliConsoleListener.onCommandStart: Tap on id: login-submit-button RUNNING
13:23:35.593 [ INFO] maestro.Maestro.tap-HgV9Ck0: Tapping on element:  UiElement(treeNode=TreeNode(attributes={text=, accessibilityText=Log in, hintText=, ignoreBoundsFiltering=false, resource-id=login-submit-button, clickable=true, bounds=[68,1366][1013,1512], enabled=true, focused=false, checked=false, scrollable=false, selected=false, class=android.widget.Button, important-for-accessibility=true, error=}, children=[TreeNode(attributes={text=Log in, accessibilityText=, hintText=, ignoreBoundsFiltering=false, resource-id=, clickable=false, bounds=[468,1408][614,1470], enabled=true, focused=false, checked=false, scrollable=false, selected=false, class=android.widget.TextView, important-for-accessibility=true, error=}, children=[], clickable=false, enabled=true, focused=false, checked=false, selected=false)], clickable=true, enabled=true, focused=false, checked=false, selected=false), bounds=Bounds(x=68, y=1366, width=945, height=146))
13:23:36.996 [ INFO] maestro.Maestro.tap-HgV9Ck0: Tap aimed via settled hierarchy
13:23:36.997 [ INFO] maestro.Maestro.hierarchyBasedTap-ogj28Uc: Tapping at (540, 1439) using hierarchy based logic for wait
13:23:38.212 [ INFO] maestro.Maestro.hierarchyBasedTap-ogj28Uc: Something has changed in the UI judging by view hierarchy. Proceed.
13:23:38.215 [ INFO] maestro.cli.runner.CliConsoleListener.onCommandFinished: Tap on id: login-submit-button COMPLETED
13:23:38.215 [ INFO] maestro.cli.runner.CliConsoleListener.onCommandStart: Assert that id: dashboard-operations-button is visible RUNNING
13:23:39.479 [ INFO] maestro.cli.runner.CliConsoleListener.onCommandFinished: Assert that id: dashboard-operations-button is visible COMPLETED
13:23:39.480 [ INFO] maestro.cli.runner.CliConsoleListener.onCommandStart: Assert that id: dashboard-operations-button is visible RUNNING
13:23:39.618 [ INFO] maestro.cli.runner.CliConsoleListener.onCommandFinished: Assert that id: dashboard-operations-button is visible COMPLETED
13:23:39.619 [ INFO] maestro.cli.runner.CliConsoleListener.onCommandStart: Take screenshot dashboard RUNNING
13:23:39.620 [ INFO] maestro.Maestro.takeScreenshot: Taking screenshot
13:23:39.620 [TRACE] maestro.utils.ScreenshotUtils.takeScreenshot: Taking screenshot to output sink
13:23:39.806 [ INFO] maestro.cli.runner.CliConsoleListener.onCommandFinished: Take screenshot dashboard COMPLETED
13:23:39.807 [ INFO] maestro.cli.runner.CliConsoleListener.onCommandFinished: Run flows/shared-login.yaml COMPLETED
13:23:39.808 [ INFO] maestro.cli.runner.CliConsoleListener.onCommandStart: Run flows/navigate-to-operation.yaml RUNNING
13:23:39.808 [ INFO] maestro.cli.runner.CliConsoleListener.onCommandStart: Define variables RUNNING
13:23:39.809 [ INFO] maestro.cli.runner.CliConsoleListener.onCommandFinished: Define variables COMPLETED
13:23:39.809 [ INFO] maestro.cli.runner.CliConsoleListener.onCommandStart: Apply configuration RUNNING
13:23:39.809 [ INFO] maestro.cli.runner.CliConsoleListener.onCommandFinished: Apply configuration COMPLETED
13:23:39.809 [ INFO] maestro.cli.runner.CliConsoleListener.onCommandStart: Assert that "DASHBOARD" is visible RUNNING
13:23:40.120 [ INFO] maestro.cli.runner.CliConsoleListener.onCommandFinished: Assert that "DASHBOARD" is visible COMPLETED
13:23:40.121 [ INFO] maestro.cli.runner.CliConsoleListener.onCommandStart: Tap on id: dashboard-operations-button RUNNING
13:23:40.367 [ INFO] maestro.Maestro.tap-HgV9Ck0: Tapping on element:  UiElement(treeNode=TreeNode(attributes={text=, accessibilityText=Operations, Packing, receiving, QC, picking, outbound, hintText=, ignoreBoundsFiltering=false, resource-id=dashboard-operations-button, clickable=true, bounds=[56,540][1024,813], enabled=true, focused=false, checked=false, scrollable=false, selected=false, class=android.view.ViewGroup, important-for-accessibility=true, error=}, children=[TreeNode(attributes={text=, accessibilityText=, hintText=, ignoreBoundsFiltering=false, resource-id=, clickable=false, bounds=[98,615][222,739], enabled=true, focused=false, checked=false, scrollable=false, selected=false, class=android.view.ViewGroup, important-for-accessibility=false, error=}, children=[TreeNode(attributes={text=, accessibilityText=, hintText=, ignoreBoundsFiltering=false, resource-id=, clickable=false, bounds=[132,649][188,705], enabled=true, focused=false, checked=false, scrollable=false, selected=false, class=com.horcrux.svg.SvgView, important-for-accessibility=false, error=}, children=[TreeNode(attributes={text=, accessibilityText=, hintText=, ignoreBoundsFiltering=false, resource-id=, clickable=false, bounds=[135,653][184,701], enabled=true, focused=false, checked=false, scrollable=false, selected=false, class=com.horcrux.svg.GroupView, important-for-accessibility=false, error=}, children=[TreeNode(attributes={text=, accessibilityText=, hintText=, ignoreBoundsFiltering=false, resource-id=, clickable=false, bounds=[135,653][184,678], enabled=true, focused=false, checked=false, scrollable=false, selected=false, class=com.horcrux.svg.PathView, important-for-accessibility=false, error=}, children=[], clickable=false, enabled=true, focused=false, checked=false, selected=false), TreeNode(attributes={text=, accessibilityText=, hintText=, ignoreBoundsFiltering=false, resource-id=, clickable=false, bounds=[136,676][183,689], enabled=true, focused=false, checked=false, scrollable=false, selected=false, class=com.horcrux.svg.PathView, important-for-accessibility=false, error=}, children=[], clickable=false, enabled=true, focused=false, checked=false, selected=false), TreeNode(attributes={text=, accessibilityText=, hintText=, ignoreBoundsFiltering=false, resource-id=, clickable=false, bounds=[136,688][183,701], enabled=true, focused=false, checked=false, scrollable=false, selected=false, class=com.horcrux.svg.PathView, important-for-accessibility=false, error=}, children=[], clickable=false, enabled=true, focused=false, checked=false, selected=false)], clickable=false, enabled=true, focused=false, checked=false, selected=false)], clickable=false, enabled=true, focused=false, checked=false, selected=false)], clickable=false, enabled=true, focused=false, checked=false, selected=false), TreeNode(attributes={text=Operations, accessibilityText=, hintText=, ignoreBoundsFiltering=false, resource-id=, clickable=false, bounds=[261,582][930,655], enabled=true, focused=false, checked=false, scrollable=false, selected=false, class=android.widget.TextView, important-for-accessibility=true, error=}, children=[], clickable=false, enabled=true, focused=false, checked=false, selected=false), TreeNode(attributes={text=Packing, receiving, QC, picking, outbound, accessibilityText=, hintText=, ignoreBoundsFiltering=false, resource-id=, clickable=false, bounds=[261,661][930,771], enabled=true, focused=false, checked=false, scrollable=false, selected=false, class=android.widget.TextView, important-for-accessibility=true, error=}, children=[], clickable=false, enabled=true, focused=false, checked=false, selected=false), TreeNode(attributes={text=, accessibilityText=, hintText=, ignoreBoundsFiltering=false, resource-id=, clickable=false, bounds=[931,651][982,702], enabled=true, focused=false, checked=false, scrollable=false, selected=false, class=com.horcrux.svg.SvgView, important-for-accessibility=false, error=}, children=[TreeNode(attributes={text=, accessibilityText=, hintText=, ignoreBoundsFiltering=false, resource-id=, clickable=false, bounds=[950,663][963,689], enabled=true, focused=false, checked=false, scrollable=false, selected=false, class=com.horcrux.svg.GroupView, important-for-accessibility=false, error=}, children=[TreeNode(attributes={text=, accessibilityText=, hintText=, ignoreBoundsFiltering=false, resource-id=, clickable=false, bounds=[950,663][963,689], enabled=true, focused=false, checked=false, scrollable=false, selected=false, class=com.horcrux.svg.PathView, important-for-accessibility=false, error=}, children=[], clickable=false, enabled=true, focused=false, checked=false, selected=false)], clickable=false, enabled=true, focused=false, checked=false, selected=false)], clickable=false, enabled=true, focused=false, checked=false, selected=false)], clickable=true, enabled=true, focused=false, checked=false, selected=false), bounds=Bounds(x=56, y=540, width=968, height=273))
13:23:41.836 [ INFO] maestro.Maestro.tap-HgV9Ck0: Tap aimed via settled hierarchy
13:23:41.838 [ INFO] maestro.Maestro.hierarchyBasedTap-ogj28Uc: Tapping at (540, 676) using hierarchy based logic for wait
13:23:43.667 [ INFO] maestro.Maestro.hierarchyBasedTap-ogj28Uc: Something has changed in the UI judging by view hierarchy. Proceed.
13:23:43.668 [ INFO] maestro.cli.runner.CliConsoleListener.onCommandFinished: Tap on id: dashboard-operations-button COMPLETED
13:23:43.669 [ INFO] maestro.cli.runner.CliConsoleListener.onCommandStart: Assert that "OPERATIONS" is visible RUNNING
13:23:43.968 [ INFO] maestro.cli.runner.CliConsoleListener.onCommandFinished: Assert that "OPERATIONS" is visible COMPLETED
13:23:43.969 [ INFO] maestro.cli.runner.CliConsoleListener.onCommandStart: Take screenshot operations-landing RUNNING
13:23:43.972 [ INFO] maestro.Maestro.takeScreenshot: Taking screenshot
13:23:43.972 [TRACE] maestro.utils.ScreenshotUtils.takeScreenshot: Taking screenshot to output sink
13:23:44.205 [ INFO] maestro.cli.runner.CliConsoleListener.onCommandFinished: Take screenshot operations-landing COMPLETED
13:23:44.205 [ INFO] maestro.cli.runner.CliConsoleListener.onCommandStart: Scroll vertically RUNNING
13:23:44.209 [ INFO] maestro.Maestro.scrollVertical: Scrolling vertically
13:23:45.945 [ INFO] maestro.cli.runner.CliConsoleListener.onCommandFinished: Scroll vertically COMPLETED
13:23:45.947 [ INFO] maestro.cli.runner.CliConsoleListener.onCommandStart: Tap on id: operations-${operation}-button RUNNING
13:23:46.186 [ INFO] maestro.Maestro.tap-HgV9Ck0: Tapping on element:  UiElement(treeNode=TreeNode(attributes={text=, accessibilityText=Picking, Pick, stage & route to lines, hintText=, ignoreBoundsFiltering=false, resource-id=operations-picking-button, clickable=true, bounds=[56,266][1024,489], enabled=true, focused=false, checked=false, scrollable=false, selected=false, class=android.view.ViewGroup, important-for-accessibility=true, error=}, children=[TreeNode(attributes={text=, accessibilityText=, hintText=, ignoreBoundsFiltering=false, resource-id=, clickable=false, bounds=[98,316][222,439], enabled=true, focused=false, checked=false, scrollable=false, selected=false, class=android.view.ViewGroup, important-for-accessibility=false, error=}, children=[TreeNode(attributes={text=, accessibilityText=, hintText=, ignoreBoundsFiltering=false, resource-id=, clickable=false, bounds=[132,350][188,407], enabled=true, focused=false, checked=false, scrollable=false, selected=false, class=com.horcrux.svg.SvgView, important-for-accessibility=false, error=}, children=[TreeNode(attributes={text=, accessibilityText=, hintText=, ignoreBoundsFiltering=false, resource-id=, clickable=false, bounds=[136,355][183,402], enabled=true, focused=false, checked=false, scrollable=false, selected=false, class=com.horcrux.svg.GroupView, important-for-accessibility=false, error=}, children=[TreeNode(attributes={text=, accessibilityText=, hintText=, ignoreBoundsFiltering=false, resource-id=, clickable=false, bounds=[136,355][183,388], enabled=true, focused=false, checked=false, scrollable=false, selected=false, class=com.horcrux.svg.PathView, important-for-accessibility=false, error=}, children=[], clickable=false, enabled=true, focused=false, checked=false, selected=false), TreeNode(attributes={text=, accessibilityText=, hintText=, ignoreBoundsFiltering=false, resource-id=, clickable=false, bounds=[148,397][153,402], enabled=true, focused=false, checked=false, scrollable=false, selected=false, class=com.horcrux.svg.CircleView, important-for-accessibility=false, error=}, children=[], clickable=false, enabled=true, focused=false, checked=false, selected=false), TreeNode(attributes={text=, accessibilityText=, hintText=, ignoreBoundsFiltering=false, resource-id=, clickable=false, bounds=[174,397][179,402], enabled=true, focused=false, checked=false, scrollable=false, selected=false, class=com.horcrux.svg.CircleView, important-for-accessibility=false, error=}, children=[], clickable=false, enabled=true, focused=false, checked=false, selected=false)], clickable=false, enabled=true, focused=false, checked=false, selected=false)], clickable=false, enabled=true, focused=false, checked=false, selected=false)], clickable=false, enabled=true, focused=false, checked=false, selected=false), TreeNode(attributes={text=Picking, accessibilityText=, hintText=, ignoreBoundsFiltering=false, resource-id=, clickable=false, bounds=[261,308][930,381], enabled=true, focused=false, checked=false, scrollable=false, selected=false, class=android.widget.TextView, important-for-accessibility=true, error=}, children=[], clickable=false, enabled=true, focused=false, checked=false, selected=false), TreeNode(attributes={text=Pick, stage & route to lines, accessibilityText=, hintText=, ignoreBoundsFiltering=false, resource-id=, clickable=false, bounds=[261,387][930,447], enabled=true, focused=false, checked=false, scrollable=false, selected=false, class=android.widget.TextView, important-for-accessibility=true, error=}, children=[], clickable=false, enabled=true, focused=false, checked=false, selected=false), TreeNode(attributes={text=, accessibilityText=, hintText=, ignoreBoundsFiltering=false, resource-id=, clickable=false, bounds=[931,352][982,403], enabled=true, focused=false, checked=false, scrollable=false, selected=false, class=com.horcrux.svg.SvgView, important-for-accessibility=false, error=}, children=[TreeNode(attributes={text=, accessibilityText=, hintText=, ignoreBoundsFiltering=false, resource-id=, clickable=false, bounds=[950,364][963,390], enabled=true, focused=false, checked=false, scrollable=false, selected=false, class=com.horcrux.svg.GroupView, important-for-accessibility=false, error=}, children=[TreeNode(attributes={text=, accessibilityText=, hintText=, ignoreBoundsFiltering=false, resource-id=, clickable=false, bounds=[950,364][963,390], enabled=true, focused=false, checked=false, scrollable=false, selected=false, class=com.horcrux.svg.PathView, important-for-accessibility=false, error=}, children=[], clickable=false, enabled=true, focused=false, checked=false, selected=false)], clickable=false, enabled=true, focused=false, checked=false, selected=false)], clickable=false, enabled=true, focused=false, checked=false, selected=false)], clickable=true, enabled=true, focused=false, checked=false, selected=false), bounds=Bounds(x=56, y=266, width=968, height=223))
13:23:47.712 [ INFO] maestro.Maestro.tap-HgV9Ck0: Tap aimed via settled hierarchy
13:23:47.714 [ INFO] maestro.Maestro.hierarchyBasedTap-ogj28Uc: Tapping at (540, 377) using hierarchy based logic for wait
13:23:49.391 [ INFO] maestro.Maestro.hierarchyBasedTap-ogj28Uc: Something has changed in the UI judging by view hierarchy. Proceed.
13:23:49.393 [ INFO] maestro.cli.runner.CliConsoleListener.onCommandFinished: Tap on id: operations-${operation}-button COMPLETED
13:23:49.394 [ INFO] maestro.cli.runner.CliConsoleListener.onCommandStart: Wait for animation to end RUNNING
13:23:49.400 [ INFO] maestro.Maestro.waitForAnimationToEnd$lambda$53: Waiting for animation to end with timeout 15000
13:23:49.401 [TRACE] maestro.utils.ScreenshotUtils.takeScreenshot: Taking screenshot to byte array
13:23:49.402 [TRACE] maestro.utils.ScreenshotUtils.takeScreenshot: Taking screenshot to output sink
13:23:49.741 [TRACE] maestro.utils.ScreenshotUtils.takeScreenshot: Taking screenshot to byte array
13:23:49.741 [TRACE] maestro.utils.ScreenshotUtils.takeScreenshot: Taking screenshot to output sink
13:23:50.239 [ INFO] maestro.cli.runner.CliConsoleListener.onCommandFinished: Wait for animation to end COMPLETED
13:23:50.239 [ INFO] maestro.cli.runner.CliConsoleListener.onCommandStart: Take screenshot operation-${operation} RUNNING
13:23:50.248 [ INFO] maestro.Maestro.takeScreenshot: Taking screenshot
13:23:50.248 [TRACE] maestro.utils.ScreenshotUtils.takeScreenshot: Taking screenshot to output sink
13:23:50.473 [ INFO] maestro.cli.runner.CliConsoleListener.onCommandFinished: Take screenshot operation-${operation} COMPLETED
13:23:50.473 [ INFO] maestro.cli.runner.CliConsoleListener.onCommandFinished: Run flows/navigate-to-operation.yaml COMPLETED
13:23:50.473 [ INFO] maestro.cli.runner.CliConsoleListener.onCommandStart: Assert that "Pick Product" is visible RUNNING
13:23:50.745 [ INFO] maestro.cli.runner.CliConsoleListener.onCommandFinished: Assert that "Pick Product" is visible COMPLETED
13:23:50.745 [ INFO] maestro.cli.runner.CliConsoleListener.onCommandStart: Take screenshot picking-landing RUNNING
13:23:50.746 [ INFO] maestro.Maestro.takeScreenshot: Taking screenshot
13:23:50.746 [TRACE] maestro.utils.ScreenshotUtils.takeScreenshot: Taking screenshot to output sink
13:23:50.965 [ INFO] maestro.cli.runner.CliConsoleListener.onCommandFinished: Take screenshot picking-landing COMPLETED
13:23:50.966 [ INFO] maestro.cli.runner.CliConsoleListener.onCommandStart: Tap on "Pick Product" RUNNING
13:23:51.260 [ INFO] maestro.Maestro.tap-HgV9Ck0: Tapping on element:  UiElement(treeNode=TreeNode(attributes={text=Pick Product, accessibilityText=, hintText=, ignoreBoundsFiltering=false, resource-id=, clickable=false, bounds=[261,1145][930,1218], enabled=true, focused=false, checked=false, scrollable=false, selected=false, class=android.widget.TextView, important-for-accessibility=true, error=}, children=[], clickable=false, enabled=true, focused=false, checked=false, selected=false), bounds=Bounds(x=261, y=1145, width=669, height=73))
13:23:52.703 [ INFO] maestro.Maestro.tap-HgV9Ck0: Tap aimed via settled hierarchy
13:23:52.705 [ INFO] maestro.Maestro.hierarchyBasedTap-ogj28Uc: Tapping at (595, 1181) using hierarchy based logic for wait
13:23:54.227 [ INFO] maestro.Maestro.hierarchyBasedTap-ogj28Uc: Something has changed in the UI judging by view hierarchy. Proceed.
13:23:54.230 [ INFO] maestro.cli.runner.CliConsoleListener.onCommandFinished: Tap on "Pick Product" COMPLETED
13:23:54.231 [ INFO] maestro.cli.runner.CliConsoleListener.onCommandStart: Assert that "Select Shipment" is visible RUNNING
13:23:55.144 [ INFO] maestro.cli.runner.CliConsoleListener.onCommandFinished: Assert that "Select Shipment" is visible COMPLETED
13:23:55.145 [ INFO] maestro.cli.runner.CliConsoleListener.onCommandStart: Take screenshot select-shipment RUNNING
13:23:55.147 [ INFO] maestro.Maestro.takeScreenshot: Taking screenshot
13:23:55.147 [TRACE] maestro.utils.ScreenshotUtils.takeScreenshot: Taking screenshot to output sink
13:23:55.363 [ INFO] maestro.cli.runner.CliConsoleListener.onCommandFinished: Take screenshot select-shipment COMPLETED
13:23:55.363 [ INFO] maestro.cli.runner.CliConsoleListener.onCommandStart: Tap on id: picking-shipment-search-input RUNNING
13:23:56.314 [ INFO] maestro.Maestro.tap-HgV9Ck0: Tapping on element:  UiElement(treeNode=TreeNode(attributes={text=, accessibilityText=, hintText=Search shipments..., ignoreBoundsFiltering=false, resource-id=picking-shipment-search-input, clickable=true, bounds=[98,855][982,1001], enabled=true, focused=false, checked=false, scrollable=false, selected=false, class=android.widget.EditText, important-for-accessibility=true, error=}, children=[], clickable=true, enabled=true, focused=false, checked=false, selected=false), bounds=Bounds(x=98, y=855, width=884, height=146))
13:23:57.809 [ INFO] maestro.Maestro.tap-HgV9Ck0: Tap aimed via settled hierarchy
13:23:57.810 [ INFO] maestro.Maestro.hierarchyBasedTap-ogj28Uc: Tapping at (540, 928) using hierarchy based logic for wait
13:23:59.535 [ INFO] maestro.Maestro.hierarchyBasedTap-ogj28Uc: Something has changed in the UI judging by view hierarchy. Proceed.
13:23:59.536 [ INFO] maestro.cli.runner.CliConsoleListener.onCommandFinished: Tap on id: picking-shipment-search-input COMPLETED
13:23:59.536 [ INFO] maestro.cli.runner.CliConsoleListener.onCommandStart: Input text TEST-PICK-P1 RUNNING
13:23:59.537 [ INFO] maestro.Maestro.inputText: Inputting text: TEST-PICK-P1
13:24:02.485 [ INFO] maestro.cli.runner.CliConsoleListener.onCommandFinished: Input text TEST-PICK-P1 COMPLETED
13:24:02.487 [ INFO] maestro.cli.runner.CliConsoleListener.onCommandStart: Hide Keyboard RUNNING
13:24:02.487 [ INFO] maestro.Maestro.hideKeyboard$lambda$12: Hiding Keyboard
13:24:04.239 [ INFO] maestro.cli.runner.CliConsoleListener.onCommandFinished: Hide Keyboard COMPLETED
13:24:04.240 [ INFO] maestro.cli.runner.CliConsoleListener.onCommandStart: Assert that id: picking-shipment-row-TEST-PICK-P1 is visible RUNNING
13:24:04.461 [ INFO] maestro.cli.runner.CliConsoleListener.onCommandFinished: Assert that id: picking-shipment-row-TEST-PICK-P1 is visible COMPLETED
13:24:04.461 [ INFO] maestro.cli.runner.CliConsoleListener.onCommandStart: Select shipment TEST-PICK-P1 RUNNING
13:24:04.682 [ INFO] maestro.Maestro.tap-HgV9Ck0: Tapping on element:  UiElement(treeNode=TreeNode(attributes={text=, accessibilityText=TEST-PICK-P1 — 2 dests, Created: Aug 31, 2026, WORKING, hintText=, ignoreBoundsFiltering=false, resource-id=picking-shipment-row-TEST-PICK-P1, clickable=true, bounds=[59,1051][1021,1265], enabled=true, focused=false, checked=false, scrollable=false, selected=false, class=android.view.ViewGroup, important-for-accessibility=true, error=}, children=[TreeNode(attributes={text=TEST-PICK-P1 — 2 dests, accessibilityText=, hintText=, ignoreBoundsFiltering=false, resource-id=, clickable=false, bounds=[104,1090][680,1159], enabled=true, focused=false, checked=false, scrollable=false, selected=false, class=android.widget.TextView, important-for-accessibility=true, error=}, children=[], clickable=false, enabled=true, focused=false, checked=false, selected=false), TreeNode(attributes={text=Created: Aug 31, 2026, accessibilityText=, hintText=, ignoreBoundsFiltering=false, resource-id=, clickable=false, bounds=[104,1165][680,1225], enabled=true, focused=false, checked=false, scrollable=false, selected=false, class=android.widget.TextView, important-for-accessibility=true, error=}, children=[], clickable=false, enabled=true, focused=false, checked=false, selected=false), TreeNode(attributes={text=, accessibilityText=, hintText=, ignoreBoundsFiltering=false, resource-id=, clickable=false, bounds=[713,1121][976,1194], enabled=true, focused=false, checked=false, scrollable=false, selected=false, class=android.view.ViewGroup, important-for-accessibility=false, error=}, children=[TreeNode(attributes={text=, accessibilityText=, hintText=, ignoreBoundsFiltering=false, resource-id=, clickable=false, bounds=[738,1149][755,1166], enabled=true, focused=false, checked=false, scrollable=false, selected=false, class=android.view.ViewGroup, important-for-accessibility=false, error=}, children=[], clickable=false, enabled=true, focused=false, checked=false, selected=false), TreeNode(attributes={text=WORKING, accessibilityText=, hintText=, ignoreBoundsFiltering=false, resource-id=, clickable=false, bounds=[769,1132][950,1183], enabled=true, focused=false, checked=false, scrollable=false, selected=false, class=android.widget.TextView, important-for-accessibility=true, error=}, children=[], clickable=false, enabled=true, focused=false, checked=false, selected=false)], clickable=false, enabled=true, focused=false, checked=false, selected=false)], clickable=true, enabled=true, focused=false, checked=false, selected=false), bounds=Bounds(x=59, y=1051, width=962, height=214))
13:24:06.493 [ INFO] maestro.Maestro.tap-HgV9Ck0: Tap aimed via settled hierarchy
13:24:06.495 [ INFO] maestro.Maestro.hierarchyBasedTap-ogj28Uc: Tapping at (540, 1158) using hierarchy based logic for wait
13:24:08.023 [ INFO] maestro.Maestro.hierarchyBasedTap-ogj28Uc: Something has changed in the UI judging by view hierarchy. Proceed.
13:24:08.025 [ INFO] maestro.cli.runner.CliConsoleListener.onCommandFinished: Select shipment TEST-PICK-P1 COMPLETED
13:24:08.025 [ INFO] maestro.cli.runner.CliConsoleListener.onCommandStart: Assert that "Select Destination" is visible RUNNING
13:24:08.288 [ INFO] maestro.cli.runner.CliConsoleListener.onCommandFinished: Assert that "Select Destination" is visible COMPLETED
13:24:08.288 [ INFO] maestro.cli.runner.CliConsoleListener.onCommandStart: Take screenshot select-destination RUNNING
13:24:08.290 [ INFO] maestro.Maestro.takeScreenshot: Taking screenshot
13:24:08.290 [TRACE] maestro.utils.ScreenshotUtils.takeScreenshot: Taking screenshot to output sink
13:24:08.520 [ INFO] maestro.cli.runner.CliConsoleListener.onCommandFinished: Take screenshot select-destination COMPLETED
13:24:08.520 [ INFO] maestro.cli.runner.CliConsoleListener.onCommandStart: Assert that id: picking-destination-row-TEST-PICK-P1-Dest-B is visible RUNNING
13:24:08.984 [ INFO] maestro.cli.runner.CliConsoleListener.onCommandFinished: Assert that id: picking-destination-row-TEST-PICK-P1-Dest-B is visible COMPLETED
13:24:08.984 [ INFO] maestro.cli.runner.CliConsoleListener.onCommandStart: Select destination Dest B RUNNING
13:24:09.209 [ INFO] maestro.Maestro.tap-HgV9Ck0: Tapping on element:  UiElement(treeNode=TreeNode(attributes={text=, accessibilityText=TEST-PICK-P1 — Dest B, hintText=, ignoreBoundsFiltering=false, resource-id=picking-destination-row-TEST-PICK-P1-Dest-B, clickable=true, bounds=[59,1057][1021,1214], enabled=true, focused=false, checked=false, scrollable=false, selected=false, class=android.view.ViewGroup, important-for-accessibility=true, error=}, children=[TreeNode(attributes={text=TEST-PICK-P1 — Dest B, accessibilityText=, hintText=, ignoreBoundsFiltering=false, resource-id=, clickable=false, bounds=[104,1101][976,1170], enabled=true, focused=false, checked=false, scrollable=false, selected=false, class=android.widget.TextView, important-for-accessibility=true, error=}, children=[], clickable=false, enabled=true, focused=false, checked=false, selected=false)], clickable=true, enabled=true, focused=false, checked=false, selected=false), bounds=Bounds(x=59, y=1057, width=962, height=157))
13:24:11.050 [ INFO] maestro.Maestro.tap-HgV9Ck0: Tap aimed via settled hierarchy
13:24:11.052 [ INFO] maestro.Maestro.hierarchyBasedTap-ogj28Uc: Tapping at (540, 1135) using hierarchy based logic for wait
13:24:12.611 [ INFO] maestro.Maestro.hierarchyBasedTap-ogj28Uc: Something has changed in the UI judging by view hierarchy. Proceed.
13:24:12.611 [ INFO] maestro.cli.runner.CliConsoleListener.onCommandFinished: Select destination Dest B COMPLETED
13:24:12.612 [ INFO] maestro.cli.runner.CliConsoleListener.onCommandStart: Assert that "Select Line" is visible RUNNING
13:24:12.814 [ INFO] maestro.cli.runner.CliConsoleListener.onCommandFinished: Assert that "Select Line" is visible COMPLETED
13:24:12.814 [ INFO] maestro.cli.runner.CliConsoleListener.onCommandStart: Take screenshot select-line RUNNING
13:24:12.815 [ INFO] maestro.Maestro.takeScreenshot: Taking screenshot
13:24:12.815 [TRACE] maestro.utils.ScreenshotUtils.takeScreenshot: Taking screenshot to output sink
13:24:13.011 [ INFO] maestro.cli.runner.CliConsoleListener.onCommandFinished: Take screenshot select-line COMPLETED
13:24:13.012 [ INFO] maestro.cli.runner.CliConsoleListener.onCommandStart: Tap on "Production Line 1" RUNNING
13:24:13.213 [ INFO] maestro.Maestro.tap-HgV9Ck0: Tapping on element:  UiElement(treeNode=TreeNode(attributes={text=Production Line 1, accessibilityText=, hintText=, ignoreBoundsFiltering=false, resource-id=, clickable=false, bounds=[329,1557][976,1639], enabled=true, focused=false, checked=false, scrollable=false, selected=false, class=android.widget.TextView, important-for-accessibility=true, error=}, children=[], clickable=false, enabled=true, focused=false, checked=false, selected=false), bounds=Bounds(x=329, y=1557, width=647, height=82))
13:24:15.471 [ INFO] maestro.Maestro.tap-HgV9Ck0: Tap aimed via settled hierarchy
13:24:15.478 [ INFO] maestro.Maestro.hierarchyBasedTap-ogj28Uc: Tapping at (652, 1598) using hierarchy based logic for wait
13:24:17.655 [ INFO] maestro.Maestro.hierarchyBasedTap-ogj28Uc: Something has changed in the UI judging by view hierarchy. Proceed.
13:24:17.656 [ INFO] maestro.cli.runner.CliConsoleListener.onCommandFinished: Tap on "Production Line 1" COMPLETED
13:24:17.657 [ INFO] maestro.cli.runner.CliConsoleListener.onCommandStart: Assert that "Pick by Line" is visible RUNNING
13:24:17.914 [ INFO] maestro.cli.runner.CliConsoleListener.onCommandFinished: Assert that "Pick by Line" is visible COMPLETED
13:24:17.914 [ INFO] maestro.cli.runner.CliConsoleListener.onCommandStart: Take screenshot select-work-order RUNNING
13:24:17.915 [ INFO] maestro.Maestro.takeScreenshot: Taking screenshot
13:24:17.916 [TRACE] maestro.utils.ScreenshotUtils.takeScreenshot: Taking screenshot to output sink
13:24:18.158 [ INFO] maestro.cli.runner.CliConsoleListener.onCommandFinished: Take screenshot select-work-order COMPLETED
13:24:18.158 [ INFO] maestro.cli.runner.CliConsoleListener.onCommandStart: Assert that id: picking-wo-row-Demo-Pallet-WO-1 is visible RUNNING
13:24:18.392 [ INFO] maestro.cli.runner.CliConsoleListener.onCommandFinished: Assert that id: picking-wo-row-Demo-Pallet-WO-1 is visible COMPLETED
13:24:18.392 [ INFO] maestro.cli.runner.CliConsoleListener.onCommandStart: Select work order Demo Pallet WO-1 RUNNING
13:24:18.610 [ INFO] maestro.Maestro.tap-HgV9Ck0: Tapping on element:  UiElement(treeNode=TreeNode(attributes={text=, accessibilityText=Demo Pallet — WO-1, PICKING, DEMO-PALL-WO-1-MSKU — WO-2264, Cases: 0 / 10, hintText=, ignoreBoundsFiltering=false, resource-id=picking-wo-row-Demo-Pallet-WO-1, clickable=true, bounds=[59,1111][1021,1445], enabled=true, focused=false, checked=false, scrollable=false, selected=false, class=android.view.ViewGroup, important-for-accessibility=true, error=}, children=[TreeNode(attributes={text=Demo Pallet — WO-1, accessibilityText=, hintText=, ignoreBoundsFiltering=false, resource-id=, clickable=false, bounds=[104,1145][717,1214], enabled=true, focused=false, checked=false, scrollable=false, selected=false, class=android.widget.TextView, important-for-accessibility=true, error=}, children=[], clickable=false, enabled=true, focused=false, checked=false, selected=false), TreeNode(attributes={text=, accessibilityText=, hintText=, ignoreBoundsFiltering=false, resource-id=, clickable=false, bounds=[739,1145][976,1218], enabled=true, focused=false, checked=false, scrollable=false, selected=false, class=android.view.ViewGroup, important-for-accessibility=false, error=}, children=[TreeNode(attributes={text=, accessibilityText=, hintText=, ignoreBoundsFiltering=false, resource-id=, clickable=false, bounds=[764,1173][781,1190], enabled=true, focused=false, checked=false, scrollable=false, selected=false, class=android.view.ViewGroup, important-for-accessibility=false, error=}, children=[], clickable=false, enabled=true, focused=false, checked=false, selected=false), TreeNode(attributes={text=PICKING, accessibilityText=, hintText=, ignoreBoundsFiltering=false, resource-id=, clickable=false, bounds=[795,1156][950,1207], enabled=true, focused=false, checked=false, scrollable=false, selected=false, class=android.widget.TextView, important-for-accessibility=true, error=}, children=[], clickable=false, enabled=true, focused=false, checked=false, selected=false)], clickable=false, enabled=true, focused=false, checked=false, selected=false), TreeNode(attributes={text=DEMO-PALL-WO-1-MSKU — WO-2264, accessibilityText=, hintText=, ignoreBoundsFiltering=false, resource-id=, clickable=false, bounds=[104,1230][976,1290], enabled=true, focused=false, checked=false, scrollable=false, selected=false, class=android.widget.TextView, important-for-accessibility=true, error=}, children=[], clickable=false, enabled=true, focused=false, checked=false, selected=false), TreeNode(attributes={text=Cases: 0 / 10, accessibilityText=, hintText=, ignoreBoundsFiltering=false, resource-id=, clickable=false, bounds=[104,1312][976,1372], enabled=true, focused=false, checked=false, scrollable=false, selected=false, class=android.widget.TextView, important-for-accessibility=true, error=}, children=[], clickable=false, enabled=true, focused=false, checked=false, selected=false), TreeNode(attributes={text=, accessibilityText=, hintText=, ignoreBoundsFiltering=false, resource-id=, clickable=false, bounds=[104,1395][976,1412], enabled=true, focused=false, checked=false, scrollable=false, selected=false, class=android.view.ViewGroup, important-for-accessibility=false, error=}, children=[], clickable=false, enabled=true, focused=false, checked=false, selected=false)], clickable=true, enabled=true, focused=false, checked=false, selected=false), bounds=Bounds(x=59, y=1111, width=962, height=334))
13:24:20.083 [ INFO] maestro.Maestro.tap-HgV9Ck0: Tap aimed via settled hierarchy
13:24:20.084 [ INFO] maestro.Maestro.hierarchyBasedTap-ogj28Uc: Tapping at (540, 1278) using hierarchy based logic for wait
13:24:21.313 [ INFO] maestro.Maestro.hierarchyBasedTap-ogj28Uc: Something has changed in the UI judging by view hierarchy. Proceed.
13:24:21.315 [ INFO] maestro.cli.runner.CliConsoleListener.onCommandFinished: Select work order Demo Pallet WO-1 COMPLETED
13:24:21.315 [ INFO] maestro.cli.runner.CliConsoleListener.onCommandStart: Assert that id: pick-component-card-DEMO-PALL-WO-1-WSKU is visible RUNNING
13:24:22.273 [ INFO] maestro.cli.runner.CliConsoleListener.onCommandFinished: Assert that id: pick-component-card-DEMO-PALL-WO-1-WSKU is visible COMPLETED
13:24:22.273 [ INFO] maestro.cli.runner.CliConsoleListener.onCommandStart: Take screenshot work-order-details RUNNING
13:24:22.276 [ INFO] maestro.Maestro.takeScreenshot: Taking screenshot
13:24:22.276 [TRACE] maestro.utils.ScreenshotUtils.takeScreenshot: Taking screenshot to output sink
13:24:22.543 [ INFO] maestro.cli.runner.CliConsoleListener.onCommandFinished: Take screenshot work-order-details COMPLETED
13:24:22.544 [ INFO] maestro.cli.runner.CliConsoleListener.onCommandStart: Open component DEMO-PALL-WO-1-WSKU RUNNING
13:24:22.785 [ INFO] maestro.Maestro.tap-HgV9Ck0: Tapping on element:  UiElement(treeNode=TreeNode(attributes={text=, accessibilityText=DEMO-PALL-WO-1-WSKU, 0/10, Demo Pallet WSKU — WO-1, Location:, A-01-01-01, 10 units, Pallet:, NONE, hintText=, ignoreBoundsFiltering=false, resource-id=pick-component-card-DEMO-PALL-WO-1-WSKU, clickable=true, bounds=[56,1598][1024,2108], enabled=true, focused=false, checked=false, scrollable=false, selected=false, class=android.view.ViewGroup, important-for-accessibility=true, error=}, children=[TreeNode(attributes={text=DEMO-PALL-WO-1-WSKU, accessibilityText=, hintText=, ignoreBoundsFiltering=false, resource-id=, clickable=false, bounds=[100,1642][669,1775], enabled=true, focused=false, checked=false, scrollable=false, selected=false, class=android.widget.TextView, important-for-accessibility=true, error=}, children=[], clickable=false, enabled=true, focused=false, checked=false, selected=false), TreeNode(attributes={text=, accessibilityText=, hintText=, ignoreBoundsFiltering=false, resource-id=, clickable=false, bounds=[697,1642][856,1716], enabled=true, focused=false, checked=false, scrollable=false, selected=false, class=android.view.ViewGroup, important-for-accessibility=false, error=}, children=[TreeNode(attributes={text=, accessibilityText=, hintText=, ignoreBoundsFiltering=false, resource-id=, clickable=false, bounds=[722,1670][739,1686], enabled=true, focused=false, checked=false, scrollable=false, selected=false, class=android.view.ViewGroup, important-for-accessibility=false, error=}, children=[], clickable=false, enabled=true, focused=false, checked=false, selected=false), TreeNode(attributes={text=0/10, accessibilityText=, hintText=, ignoreBoundsFiltering=false, resource-id=, clickable=false, bounds=[753,1653][831,1704], enabled=true, focused=false, checked=false, scrollable=false, selected=false, class=android.widget.TextView, important-for-accessibility=true, error=}, children=[], clickable=false, enabled=true, focused=false, checked=false, selected=false)], clickable=false, enabled=true, focused=false, checked=false, selected=false), TreeNode(attributes={text=, accessibilityText=Line actions, hintText=, ignoreBoundsFiltering=false, resource-id=, clickable=true, bounds=[868,1652][980,1765], enabled=true, focused=false, checked=false, scrollable=false, selected=false, class=android.view.ViewGroup, important-for-accessibility=true, error=}, children=[TreeNode(attributes={text=, accessibilityText=, hintText=, ignoreBoundsFiltering=false, resource-id=, clickable=false, bounds=[899,1683][949,1734], enabled=true, focused=false, checked=false, scrollable=false, selected=false, class=com.horcrux.svg.SvgView, important-for-accessibility=false, error=}, children=[TreeNode(attributes={text=, accessibilityText=, hintText=, ignoreBoundsFiltering=false, resource-id=, clickable=false, bounds=[921,1691][926,1725], enabled=true, focused=false, checked=false, scrollable=false, selected=false, class=com.horcrux.svg.GroupView, important-for-accessibility=false, error=}, children=[TreeNode(attributes={text=, accessibilityText=, hintText=, ignoreBoundsFiltering=false, resource-id=, clickable=false, bounds=[921,1691][926,1696], enabled=true, focused=false, checked=false, scrollable=false, selected=false, class=com.horcrux.svg.CircleView, important-for-accessibility=false, error=}, children=[], clickable=false, enabled=true, focused=false, checked=false, selected=false), TreeNode(attributes={text=, accessibilityText=, hintText=, ignoreBoundsFiltering=false, resource-id=, clickable=false, bounds=[921,1706][926,1711], enabled=true, focused=false, checked=false, scrollable=false, selected=false, class=com.horcrux.svg.CircleView, important-for-accessibility=false, error=}, children=[], clickable=false, enabled=true, focused=false, checked=false, selected=false), TreeNode(attributes={text=, accessibilityText=, hintText=, ignoreBoundsFiltering=false, resource-id=, clickable=false, bounds=[921,1721][926,1726], enabled=true, focused=false, checked=false, scrollable=false, selected=false, class=com.horcrux.svg.CircleView, important-for-accessibility=false, error=}, children=[], clickable=false, enabled=true, focused=false, checked=false, selected=false)], clickable=false, enabled=true, focused=false, checked=false, selected=false)], clickable=false, enabled=true, focused=false, checked=false, selected=false)], clickable=true, enabled=true, focused=false, checked=false, selected=false), TreeNode(attributes={text=Demo Pallet WSKU — WO-1, accessibilityText=, hintText=, ignoreBoundsFiltering=false, resource-id=, clickable=false, bounds=[100,1791][980,1847], enabled=true, focused=false, checked=false, scrollable=false, selected=false, class=android.widget.TextView, important-for-accessibility=true, error=}, children=[], clickable=false, enabled=true, focused=false, checked=false, selected=false), TreeNode(attributes={text=, accessibilityText=, hintText=, ignoreBoundsFiltering=false, resource-id=, clickable=false, bounds=[100,1876][980,1981], enabled=true, focused=false, checked=false, scrollable=false, selected=false, class=android.view.ViewGroup, important-for-accessibility=false, error=}, children=[TreeNode(attributes={text=Location:, accessibilityText=, hintText=, ignoreBoundsFiltering=false, resource-id=, clickable=false, bounds=[137,1901][307,1957], enabled=true, focused=false, checked=false, scrollable=false, selected=false, class=android.widget.TextView, important-for-accessibility=true, error=}, children=[], clickable=false, enabled=true, focused=false, checked=false, selected=false), TreeNode(attributes={text=A-01-01-01, accessibilityText=, hintText=, ignoreBoundsFiltering=false, resource-id=, clickable=false, bounds=[323,1899][817,1959], enabled=true, focused=false, checked=false, scrollable=false, selected=false, class=android.widget.TextView, important-for-accessibility=true, error=}, children=[], clickable=false, enabled=true, focused=false, checked=false, selected=false), TreeNode(attributes={text=10 units, accessibilityText=, hintText=, ignoreBoundsFiltering=false, resource-id=, clickable=false, bounds=[817,1901][952,1957], enabled=true, focused=false, checked=false, scrollable=false, selected=false, class=android.widget.TextView, important-for-accessibility=true, error=}, children=[], clickable=false, enabled=true, focused=false, checked=false, selected=false)], clickable=false, enabled=true, focused=false, checked=false, selected=false), TreeNode(attributes={text=Pallet:, accessibilityText=, hintText=, ignoreBoundsFiltering=false, resource-id=, clickable=false, bounds=[100,2009][297,2065], enabled=true, focused=false, checked=false, scrollable=false, selected=false, class=android.widget.TextView, important-for-accessibility=true, error=}, children=[], clickable=false, enabled=true, focused=false, checked=false, selected=false), TreeNode(attributes={text=NONE, accessibilityText=, hintText=, ignoreBoundsFiltering=false, resource-id=, clickable=false, bounds=[297,2009][980,2065], enabled=true, focused=false, checked=false, scrollable=false, selected=false, class=android.widget.TextView, important-for-accessibility=true, error=}, children=[], clickable=false, enabled=true, focused=false, checked=false, selected=false)], clickable=true, enabled=true, focused=false, checked=false, selected=false), bounds=Bounds(x=56, y=1598, width=968, height=510))
13:24:24.201 [ INFO] maestro.Maestro.tap-HgV9Ck0: Tap aimed via settled hierarchy
13:24:24.203 [ INFO] maestro.Maestro.hierarchyBasedTap-ogj28Uc: Tapping at (540, 1853) using hierarchy based logic for wait
13:24:26.599 [ INFO] maestro.Maestro.hierarchyBasedTap-ogj28Uc: Something has changed in the UI judging by view hierarchy. Proceed.
13:24:26.600 [ INFO] maestro.cli.runner.CliConsoleListener.onCommandFinished: Open component DEMO-PALL-WO-1-WSKU COMPLETED
13:24:26.600 [ INFO] maestro.cli.runner.CliConsoleListener.onCommandStart: Assert that id: pick-start-picking-button is visible RUNNING
13:24:26.849 [ INFO] maestro.cli.runner.CliConsoleListener.onCommandFinished: Assert that id: pick-start-picking-button is visible COMPLETED
13:24:26.849 [ INFO] maestro.cli.runner.CliConsoleListener.onCommandStart: Take screenshot pick-component RUNNING
13:24:26.850 [ INFO] maestro.Maestro.takeScreenshot: Taking screenshot
13:24:26.851 [TRACE] maestro.utils.ScreenshotUtils.takeScreenshot: Taking screenshot to output sink
13:24:27.132 [ INFO] maestro.cli.runner.CliConsoleListener.onCommandFinished: Take screenshot pick-component COMPLETED
13:24:27.133 [ INFO] maestro.cli.runner.CliConsoleListener.onCommandStart: Tap on id: pick-start-picking-button RUNNING
13:24:27.420 [ INFO] maestro.Maestro.tap-HgV9Ck0: Tapping on element:  UiElement(treeNode=TreeNode(attributes={text=, accessibilityText=A-01-01-01, 10 units, Tap to start picking, hintText=, ignoreBoundsFiltering=false, resource-id=pick-start-picking-button, clickable=true, bounds=[56,1703][1024,1916], enabled=true, focused=false, checked=false, scrollable=false, selected=false, class=android.view.ViewGroup, important-for-accessibility=true, error=}, children=[TreeNode(attributes={text=, accessibilityText=, hintText=, ignoreBoundsFiltering=false, resource-id=, clickable=false, bounds=[94,1748][145,1799], enabled=true, focused=false, checked=false, scrollable=false, selected=false, class=com.horcrux.svg.SvgView, important-for-accessibility=false, error=}, children=[TreeNode(attributes={text=, accessibilityText=, hintText=, ignoreBoundsFiltering=false, resource-id=, clickable=false, bounds=[98,1752][141,1795], enabled=true, focused=false, checked=false, scrollable=false, selected=false, class=com.horcrux.svg.GroupView, important-for-accessibility=false, error=}, children=[TreeNode(attributes={text=, accessibilityText=, hintText=, ignoreBoundsFiltering=false, resource-id=, clickable=false, bounds=[98,1752][141,1795], enabled=true, focused=false, checked=false, scrollable=false, selected=false, class=com.horcrux.svg.CircleView, important-for-accessibility=false, error=}, children=[], clickable=false, enabled=true, focused=false, checked=false, selected=false)], clickable=false, enabled=true, focused=false, checked=false, selected=false)], clickable=false, enabled=true, focused=false, checked=false, selected=false), TreeNode(attributes={text=A-01-01-01, accessibilityText=, hintText=, ignoreBoundsFiltering=false, resource-id=, clickable=false, bounds=[167,1741][834,1805], enabled=true, focused=false, checked=false, scrollable=false, selected=false, class=android.widget.TextView, important-for-accessibility=true, error=}, children=[], clickable=false, enabled=true, focused=false, checked=false, selected=false), TreeNode(attributes={text=10 units, accessibilityText=, hintText=, ignoreBoundsFiltering=false, resource-id=, clickable=false, bounds=[834,1743][986,1803], enabled=true, focused=false, checked=false, scrollable=false, selected=false, class=android.widget.TextView, important-for-accessibility=true, error=}, children=[], clickable=false, enabled=true, focused=false, checked=false, selected=false), TreeNode(attributes={text=Tap to start picking, accessibilityText=, hintText=, ignoreBoundsFiltering=false, resource-id=, clickable=false, bounds=[167,1822][986,1878], enabled=true, focused=false, checked=false, scrollable=false, selected=false, class=android.widget.TextView, important-for-accessibility=true, error=}, children=[], clickable=false, enabled=true, focused=false, checked=false, selected=false)], clickable=true, enabled=true, focused=false, checked=false, selected=false), bounds=Bounds(x=56, y=1703, width=968, height=213))
13:24:28.838 [ INFO] maestro.Maestro.tap-HgV9Ck0: Tap aimed via settled hierarchy
13:24:28.839 [ INFO] maestro.Maestro.hierarchyBasedTap-ogj28Uc: Tapping at (540, 1809) using hierarchy based logic for wait
13:24:30.538 [ INFO] maestro.Maestro.hierarchyBasedTap-ogj28Uc: Something has changed in the UI judging by view hierarchy. Proceed.
13:24:30.539 [ INFO] maestro.cli.runner.CliConsoleListener.onCommandFinished: Tap on id: pick-start-picking-button COMPLETED
13:24:30.540 [ INFO] maestro.cli.runner.CliConsoleListener.onCommandStart: Confirm location A-01-01-01 RUNNING
13:24:30.540 [ INFO] maestro.cli.runner.CliConsoleListener.onCommandStart: Define variables RUNNING
13:24:30.541 [ INFO] maestro.cli.runner.CliConsoleListener.onCommandFinished: Define variables COMPLETED
13:24:30.541 [ INFO] maestro.cli.runner.CliConsoleListener.onCommandStart: Apply configuration RUNNING
13:24:30.541 [ INFO] maestro.cli.runner.CliConsoleListener.onCommandFinished: Apply configuration COMPLETED
13:24:30.541 [ INFO] maestro.cli.runner.CliConsoleListener.onCommandStart: Assert that id: ${triggerId} is visible RUNNING
13:24:30.827 [ INFO] maestro.cli.runner.CliConsoleListener.onCommandFinished: Assert that id: ${triggerId} is visible COMPLETED
13:24:30.827 [ INFO] maestro.cli.runner.CliConsoleListener.onCommandStart: Tap on id: ${triggerId} RUNNING
13:24:31.104 [ INFO] maestro.Maestro.tap-HgV9Ck0: Tapping on element:  UiElement(treeNode=TreeNode(attributes={text=, accessibilityText=Confirm Location, hintText=, ignoreBoundsFiltering=false, resource-id=confirm-location-button, clickable=true, bounds=[56,1703][1024,1826], enabled=true, focused=false, checked=false, scrollable=false, selected=false, class=android.widget.Button, important-for-accessibility=true, error=}, children=[TreeNode(attributes={text=, accessibilityText=, hintText=, ignoreBoundsFiltering=false, resource-id=, clickable=false, bounds=[306,1739][357,1790], enabled=true, focused=false, checked=false, scrollable=false, selected=false, class=com.horcrux.svg.SvgView, important-for-accessibility=false, error=}, children=[TreeNode(attributes={text=, accessibilityText=, hintText=, ignoreBoundsFiltering=false, resource-id=, clickable=false, bounds=[314,1743][348,1787], enabled=true, focused=false, checked=false, scrollable=false, selected=false, class=com.horcrux.svg.GroupView, important-for-accessibility=false, error=}, children=[TreeNode(attributes={text=, accessibilityText=, hintText=, ignoreBoundsFiltering=false, resource-id=, clickable=false, bounds=[314,1743][348,1787], enabled=true, focused=false, checked=false, scrollable=false, selected=false, class=com.horcrux.svg.PathView, important-for-accessibility=false, error=}, children=[], clickable=false, enabled=true, focused=false, checked=false, selected=false), TreeNode(attributes={text=, accessibilityText=, hintText=, ignoreBoundsFiltering=false, resource-id=, clickable=false, bounds=[325,1753][338,1766], enabled=true, focused=false, checked=false, scrollable=false, selected=false, class=com.horcrux.svg.CircleView, important-for-accessibility=false, error=}, children=[], clickable=false, enabled=true, focused=false, checked=false, selected=false)], clickable=false, enabled=true, focused=false, checked=false, selected=false)], clickable=false, enabled=true, focused=false, checked=false, selected=false), TreeNode(attributes={text=Confirm Location, accessibilityText=, hintText=, ignoreBoundsFiltering=false, resource-id=, clickable=false, bounds=[379,1735][774,1794], enabled=true, focused=false, checked=false, scrollable=false, selected=false, class=android.widget.TextView, important-for-accessibility=true, error=}, children=[], clickable=false, enabled=true, focused=false, checked=false, selected=false)], clickable=true, enabled=true, focused=false, checked=false, selected=false), bounds=Bounds(x=56, y=1703, width=968, height=123))
13:24:33.222 [ INFO] maestro.Maestro.tap-HgV9Ck0: Tap aimed via settled hierarchy
13:24:33.225 [ INFO] maestro.Maestro.hierarchyBasedTap-ogj28Uc: Tapping at (540, 1764) using hierarchy based logic for wait
13:24:35.866 [ INFO] maestro.Maestro.hierarchyBasedTap-ogj28Uc: Something has changed in the UI judging by view hierarchy. Proceed.
13:24:35.869 [ INFO] maestro.cli.runner.CliConsoleListener.onCommandFinished: Tap on id: ${triggerId} COMPLETED
13:24:35.869 [ INFO] maestro.cli.runner.CliConsoleListener.onCommandStart: Assert that id: scanner-manual-entry-button is visible RUNNING
13:24:35.996 [ INFO] maestro.cli.runner.CliConsoleListener.onCommandFinished: Assert that id: scanner-manual-entry-button is visible COMPLETED
13:24:35.996 [ INFO] maestro.cli.runner.CliConsoleListener.onCommandStart: Tap on id: scanner-manual-entry-button RUNNING
13:24:36.154 [ INFO] maestro.Maestro.tap-HgV9Ck0: Tapping on element:  UiElement(treeNode=TreeNode(attributes={text=, accessibilityText=MANUAL ENTRY (TEST), hintText=, ignoreBoundsFiltering=false, resource-id=scanner-manual-entry-button, clickable=true, bounds=[228,1798][852,1936], enabled=true, focused=false, checked=false, scrollable=false, selected=false, class=android.view.ViewGroup, important-for-accessibility=true, error=}, children=[TreeNode(attributes={text=MANUAL ENTRY (TEST), accessibilityText=, hintText=, ignoreBoundsFiltering=false, resource-id=, clickable=false, bounds=[301,1837][779,1896], enabled=true, focused=false, checked=false, scrollable=false, selected=false, class=android.widget.TextView, important-for-accessibility=true, error=}, children=[], clickable=false, enabled=true, focused=false, checked=false, selected=false)], clickable=true, enabled=true, focused=false, checked=false, selected=false), bounds=Bounds(x=228, y=1798, width=624, height=138))
13:24:38.269 [ INFO] maestro.Maestro.tap-HgV9Ck0: Tap aimed via settled hierarchy
13:24:38.277 [ INFO] maestro.Maestro.hierarchyBasedTap-ogj28Uc: Tapping at (540, 1867) using hierarchy based logic for wait
13:24:39.686 [ INFO] maestro.Maestro.hierarchyBasedTap-ogj28Uc: Something has changed in the UI judging by view hierarchy. Proceed.
13:24:39.687 [ INFO] maestro.cli.runner.CliConsoleListener.onCommandFinished: Tap on id: scanner-manual-entry-button COMPLETED
13:24:39.687 [ INFO] maestro.cli.runner.CliConsoleListener.onCommandStart: Assert that id: scanner-manual-input is visible RUNNING
13:24:39.829 [ INFO] maestro.cli.runner.CliConsoleListener.onCommandFinished: Assert that id: scanner-manual-input is visible COMPLETED
13:24:39.829 [ INFO] maestro.cli.runner.CliConsoleListener.onCommandStart: Tap on id: scanner-manual-input RUNNING
13:24:39.916 [ INFO] maestro.Maestro.tap-HgV9Ck0: Tapping on element:  UiElement(treeNode=TreeNode(attributes={text=, accessibilityText=, hintText=Type barcode or QR code value..., ignoreBoundsFiltering=false, resource-id=scanner-manual-input, clickable=true, bounds=[124,1090][956,1264], enabled=true, focused=true, checked=false, scrollable=false, selected=false, class=android.widget.EditText, important-for-accessibility=true, error=}, children=[], clickable=true, enabled=true, focused=true, checked=false, selected=false), bounds=Bounds(x=124, y=1090, width=832, height=174))
13:24:41.236 [ INFO] maestro.Maestro.tap-HgV9Ck0: Tap aimed via settled hierarchy
13:24:41.237 [ INFO] maestro.Maestro.hierarchyBasedTap-ogj28Uc: Tapping at (540, 1177) using hierarchy based logic for wait
13:24:42.836 [ INFO] maestro.Maestro.hierarchyBasedTap-ogj28Uc: Something has changed in the UI judging by view hierarchy. Proceed.
13:24:42.837 [ INFO] maestro.cli.runner.CliConsoleListener.onCommandFinished: Tap on id: scanner-manual-input COMPLETED
13:24:42.838 [ INFO] maestro.cli.runner.CliConsoleListener.onCommandStart: Input text ${value} RUNNING
13:24:42.860 [ INFO] maestro.Maestro.inputText: Inputting text: A-01-01-01
13:24:45.610 [ INFO] maestro.cli.runner.CliConsoleListener.onCommandFinished: Input text ${value} COMPLETED
13:24:45.611 [ INFO] maestro.cli.runner.CliConsoleListener.onCommandStart: Tap on id: scanner-manual-submit RUNNING
13:24:46.072 [ INFO] maestro.Maestro.tap-HgV9Ck0: Tapping on element:  UiElement(treeNode=TreeNode(attributes={text=, accessibilityText=Submit, hintText=, ignoreBoundsFiltering=false, resource-id=scanner-manual-submit, clickable=true, bounds=[560,884][956,1035], enabled=true, focused=false, checked=false, scrollable=false, selected=false, class=android.view.ViewGroup, important-for-accessibility=true, error=}, children=[TreeNode(attributes={text=Submit, accessibilityText=, hintText=, ignoreBoundsFiltering=false, resource-id=, clickable=false, bounds=[678,923][838,990], enabled=true, focused=false, checked=false, scrollable=false, selected=false, class=android.widget.TextView, important-for-accessibility=true, error=}, children=[], clickable=false, enabled=true, focused=false, checked=false, selected=false)], clickable=true, enabled=true, focused=false, checked=false, selected=false), bounds=Bounds(x=560, y=884, width=396, height=151))
13:24:47.702 [ INFO] maestro.Maestro.tap-HgV9Ck0: Tap aimed via settled hierarchy
13:24:47.704 [ INFO] maestro.Maestro.hierarchyBasedTap-ogj28Uc: Tapping at (758, 959) using hierarchy based logic for wait
13:24:50.456 [ INFO] maestro.Maestro.hierarchyBasedTap-ogj28Uc: Something has changed in the UI judging by view hierarchy. Proceed.
13:24:50.457 [ INFO] maestro.cli.runner.CliConsoleListener.onCommandFinished: Tap on id: scanner-manual-submit COMPLETED
13:24:50.458 [ INFO] maestro.cli.runner.CliConsoleListener.onCommandStart: Wait for animation to end RUNNING
13:24:50.460 [ INFO] maestro.Maestro.waitForAnimationToEnd$lambda$53: Waiting for animation to end with timeout 15000
13:24:50.461 [TRACE] maestro.utils.ScreenshotUtils.takeScreenshot: Taking screenshot to byte array
13:24:50.461 [TRACE] maestro.utils.ScreenshotUtils.takeScreenshot: Taking screenshot to output sink
13:24:50.750 [TRACE] maestro.utils.ScreenshotUtils.takeScreenshot: Taking screenshot to byte array
13:24:50.750 [TRACE] maestro.utils.ScreenshotUtils.takeScreenshot: Taking screenshot to output sink
13:24:51.196 [ INFO] maestro.cli.runner.CliConsoleListener.onCommandFinished: Wait for animation to end COMPLETED
13:24:51.196 [ INFO] maestro.cli.runner.CliConsoleListener.onCommandStart: Take screenshot after-scan-${value} RUNNING
13:24:51.199 [ INFO] maestro.Maestro.takeScreenshot: Taking screenshot
13:24:51.200 [TRACE] maestro.utils.ScreenshotUtils.takeScreenshot: Taking screenshot to output sink
13:24:51.401 [ INFO] maestro.cli.runner.CliConsoleListener.onCommandFinished: Take screenshot after-scan-${value} COMPLETED
13:24:51.401 [ INFO] maestro.cli.runner.CliConsoleListener.onCommandFinished: Confirm location A-01-01-01 COMPLETED
13:24:51.401 [ INFO] maestro.cli.runner.CliConsoleListener.onCommandStart: Confirm UPC 111222333001 RUNNING
13:24:51.402 [ INFO] maestro.cli.runner.CliConsoleListener.onCommandStart: Define variables RUNNING
13:24:51.403 [ INFO] maestro.cli.runner.CliConsoleListener.onCommandFinished: Define variables COMPLETED
13:24:51.403 [ INFO] maestro.cli.runner.CliConsoleListener.onCommandStart: Apply configuration RUNNING
13:24:51.403 [ INFO] maestro.cli.runner.CliConsoleListener.onCommandFinished: Apply configuration COMPLETED
13:24:51.403 [ INFO] maestro.cli.runner.CliConsoleListener.onCommandStart: Assert that id: ${triggerId} is visible RUNNING
13:24:51.697 [ INFO] maestro.cli.runner.CliConsoleListener.onCommandFinished: Assert that id: ${triggerId} is visible COMPLETED
13:24:51.697 [ INFO] maestro.cli.runner.CliConsoleListener.onCommandStart: Tap on id: ${triggerId} RUNNING
13:24:51.921 [ INFO] maestro.Maestro.tap-HgV9Ck0: Tapping on element:  UiElement(treeNode=TreeNode(attributes={text=, accessibilityText=Confirm UPC, hintText=, ignoreBoundsFiltering=false, resource-id=confirm-upc-button, clickable=true, bounds=[56,832][1024,955], enabled=true, focused=false, checked=false, scrollable=false, selected=false, class=android.widget.Button, important-for-accessibility=true, error=}, children=[TreeNode(attributes={text=, accessibilityText=, hintText=, ignoreBoundsFiltering=false, resource-id=, clickable=false, bounds=[355,868][406,919], enabled=true, focused=false, checked=false, scrollable=false, selected=false, class=com.horcrux.svg.SvgView, important-for-accessibility=false, error=}, children=[TreeNode(attributes={text=, accessibilityText=, hintText=, ignoreBoundsFiltering=false, resource-id=, clickable=false, bounds=[361,874][400,913], enabled=true, focused=false, checked=false, scrollable=false, selected=false, class=com.horcrux.svg.GroupView, important-for-accessibility=false, error=}, children=[TreeNode(attributes={text=, accessibilityText=, hintText=, ignoreBoundsFiltering=false, resource-id=, clickable=false, bounds=[361,874][370,883], enabled=true, focused=false, checked=false, scrollable=false, selected=false, class=com.horcrux.svg.PathView, important-for-accessibility=false, error=}, children=[], clickable=false, enabled=true, focused=false, checked=false, selected=false), TreeNode(attributes={text=, accessibilityText=, hintText=, ignoreBoundsFiltering=false, resource-id=, clickable=false, bounds=[391,874][400,883], enabled=true, focused=false, checked=false, scrollable=false, selected=false, class=com.horcrux.svg.PathView, important-for-accessibility=false, error=}, children=[], clickable=false, enabled=true, focused=false, checked=false, selected=false), TreeNode(attributes={text=, accessibilityText=, hintText=, ignoreBoundsFiltering=false, resource-id=, clickable=false, bounds=[361,904][370,913], enabled=true, focused=false, checked=false, scrollable=false, selected=false, class=com.horcrux.svg.PathView, important-for-accessibility=false, error=}, children=[], clickable=false, enabled=true, focused=false, checked=false, selected=false), TreeNode(attributes={text=, accessibilityText=, hintText=, ignoreBoundsFiltering=false, resource-id=, clickable=false, bounds=[391,904][400,913], enabled=true, focused=false, checked=false, scrollable=false, selected=false, class=com.horcrux.svg.PathView, important-for-accessibility=false, error=}, children=[], clickable=false, enabled=true, focused=false, checked=false, selected=false)], clickable=false, enabled=true, focused=false, checked=false, selected=false)], clickable=false, enabled=true, focused=false, checked=false, selected=false), TreeNode(attributes={text=Confirm UPC, accessibilityText=, hintText=, ignoreBoundsFiltering=false, resource-id=, clickable=false, bounds=[428,864][725,923], enabled=true, focused=false, checked=false, scrollable=false, selected=false, class=android.widget.TextView, important-for-accessibility=true, error=}, children=[], clickable=false, enabled=true, focused=false, checked=false, selected=false)], clickable=true, enabled=true, focused=false, checked=false, selected=false), bounds=Bounds(x=56, y=832, width=968, height=123))
13:24:54.418 [ INFO] maestro.Maestro.tap-HgV9Ck0: Tap aimed via settled hierarchy
13:24:54.421 [ INFO] maestro.Maestro.hierarchyBasedTap-ogj28Uc: Tapping at (540, 893) using hierarchy based logic for wait
13:24:55.644 [ INFO] maestro.Maestro.hierarchyBasedTap-ogj28Uc: Something has changed in the UI judging by view hierarchy. Proceed.
13:24:55.644 [ INFO] maestro.cli.runner.CliConsoleListener.onCommandFinished: Tap on id: ${triggerId} COMPLETED
13:24:55.645 [ INFO] maestro.cli.runner.CliConsoleListener.onCommandStart: Assert that id: scanner-manual-entry-button is visible RUNNING
13:24:55.739 [ INFO] maestro.cli.runner.CliConsoleListener.onCommandFinished: Assert that id: scanner-manual-entry-button is visible COMPLETED
13:24:55.740 [ INFO] maestro.cli.runner.CliConsoleListener.onCommandStart: Tap on id: scanner-manual-entry-button RUNNING
13:24:56.320 [ INFO] maestro.Maestro.tap-HgV9Ck0: Tapping on element:  UiElement(treeNode=TreeNode(attributes={text=, accessibilityText=MANUAL ENTRY (TEST), hintText=, ignoreBoundsFiltering=false, resource-id=scanner-manual-entry-button, clickable=true, bounds=[228,1798][852,1936], enabled=true, focused=false, checked=false, scrollable=false, selected=false, class=android.view.ViewGroup, important-for-accessibility=true, error=}, children=[TreeNode(attributes={text=MANUAL ENTRY (TEST), accessibilityText=, hintText=, ignoreBoundsFiltering=false, resource-id=, clickable=false, bounds=[301,1837][779,1896], enabled=true, focused=false, checked=false, scrollable=false, selected=false, class=android.widget.TextView, important-for-accessibility=true, error=}, children=[], clickable=false, enabled=true, focused=false, checked=false, selected=false)], clickable=true, enabled=true, focused=false, checked=false, selected=false), bounds=Bounds(x=228, y=1798, width=624, height=138))
13:24:57.592 [ INFO] maestro.Maestro.tap-HgV9Ck0: Tap aimed via settled hierarchy
13:24:57.593 [ INFO] maestro.Maestro.hierarchyBasedTap-ogj28Uc: Tapping at (540, 1867) using hierarchy based logic for wait
13:24:58.920 [ INFO] maestro.Maestro.hierarchyBasedTap-ogj28Uc: Something has changed in the UI judging by view hierarchy. Proceed.
13:24:58.920 [ INFO] maestro.cli.runner.CliConsoleListener.onCommandFinished: Tap on id: scanner-manual-entry-button COMPLETED
13:24:58.920 [ INFO] maestro.cli.runner.CliConsoleListener.onCommandStart: Assert that id: scanner-manual-input is visible RUNNING
13:24:59.057 [ INFO] maestro.cli.runner.CliConsoleListener.onCommandFinished: Assert that id: scanner-manual-input is visible COMPLETED
13:24:59.058 [ INFO] maestro.cli.runner.CliConsoleListener.onCommandStart: Tap on id: scanner-manual-input RUNNING
13:24:59.189 [ INFO] maestro.Maestro.tap-HgV9Ck0: Tapping on element:  UiElement(treeNode=TreeNode(attributes={text=, accessibilityText=, hintText=Type barcode or QR code value..., ignoreBoundsFiltering=false, resource-id=scanner-manual-input, clickable=true, bounds=[124,1090][956,1264], enabled=true, focused=true, checked=false, scrollable=false, selected=false, class=android.widget.EditText, important-for-accessibility=true, error=}, children=[], clickable=true, enabled=true, focused=true, checked=false, selected=false), bounds=Bounds(x=124, y=1090, width=832, height=174))
13:25:01.114 [ INFO] maestro.Maestro.tap-HgV9Ck0: Tap aimed via settled hierarchy
13:25:01.117 [ INFO] maestro.Maestro.hierarchyBasedTap-ogj28Uc: Tapping at (540, 1177) using hierarchy based logic for wait
13:25:03.430 [ INFO] maestro.Maestro.hierarchyBasedTap-ogj28Uc: Something has changed in the UI judging by view hierarchy. Proceed.
13:25:03.431 [ INFO] maestro.cli.runner.CliConsoleListener.onCommandFinished: Tap on id: scanner-manual-input COMPLETED
13:25:03.431 [ INFO] maestro.cli.runner.CliConsoleListener.onCommandStart: Input text ${value} RUNNING
13:25:03.444 [ INFO] maestro.Maestro.inputText: Inputting text: 111222333001
13:25:06.468 [ INFO] maestro.cli.runner.CliConsoleListener.onCommandFinished: Input text ${value} COMPLETED
13:25:06.469 [ INFO] maestro.cli.runner.CliConsoleListener.onCommandStart: Tap on id: scanner-manual-submit RUNNING
13:25:06.881 [ INFO] maestro.Maestro.tap-HgV9Ck0: Tapping on element:  UiElement(treeNode=TreeNode(attributes={text=, accessibilityText=Submit, hintText=, ignoreBoundsFiltering=false, resource-id=scanner-manual-submit, clickable=true, bounds=[560,884][956,1035], enabled=true, focused=false, checked=false, scrollable=false, selected=false, class=android.view.ViewGroup, important-for-accessibility=true, error=}, children=[TreeNode(attributes={text=Submit, accessibilityText=, hintText=, ignoreBoundsFiltering=false, resource-id=, clickable=false, bounds=[678,923][838,990], enabled=true, focused=false, checked=false, scrollable=false, selected=false, class=android.widget.TextView, important-for-accessibility=true, error=}, children=[], clickable=false, enabled=true, focused=false, checked=false, selected=false)], clickable=true, enabled=true, focused=false, checked=false, selected=false), bounds=Bounds(x=560, y=884, width=396, height=151))
13:25:08.464 [ INFO] maestro.Maestro.tap-HgV9Ck0: Tap aimed via settled hierarchy
13:25:08.466 [ INFO] maestro.Maestro.hierarchyBasedTap-ogj28Uc: Tapping at (758, 959) using hierarchy based logic for wait
13:25:11.902 [ INFO] maestro.Maestro.hierarchyBasedTap-ogj28Uc: Something has changed in the UI judging by view hierarchy. Proceed.
13:25:11.903 [ INFO] maestro.cli.runner.CliConsoleListener.onCommandFinished: Tap on id: scanner-manual-submit COMPLETED
13:25:11.904 [ INFO] maestro.cli.runner.CliConsoleListener.onCommandStart: Wait for animation to end RUNNING
13:25:11.904 [ INFO] maestro.Maestro.waitForAnimationToEnd$lambda$53: Waiting for animation to end with timeout 15000
13:25:11.905 [TRACE] maestro.utils.ScreenshotUtils.takeScreenshot: Taking screenshot to byte array
13:25:11.905 [TRACE] maestro.utils.ScreenshotUtils.takeScreenshot: Taking screenshot to output sink
13:25:12.233 [TRACE] maestro.utils.ScreenshotUtils.takeScreenshot: Taking screenshot to byte array
13:25:12.233 [TRACE] maestro.utils.ScreenshotUtils.takeScreenshot: Taking screenshot to output sink
13:25:12.718 [ INFO] maestro.cli.runner.CliConsoleListener.onCommandFinished: Wait for animation to end COMPLETED
13:25:12.718 [ INFO] maestro.cli.runner.CliConsoleListener.onCommandStart: Take screenshot after-scan-${value} RUNNING
13:25:12.735 [ INFO] maestro.Maestro.takeScreenshot: Taking screenshot
13:25:12.735 [TRACE] maestro.utils.ScreenshotUtils.takeScreenshot: Taking screenshot to output sink
13:25:12.964 [ INFO] maestro.cli.runner.CliConsoleListener.onCommandFinished: Take screenshot after-scan-${value} COMPLETED
13:25:12.965 [ INFO] maestro.cli.runner.CliConsoleListener.onCommandFinished: Confirm UPC 111222333001 COMPLETED
13:25:12.970 [ INFO] maestro.cli.runner.CliConsoleListener.onCommandStart: Scrolling DOWN until id: pick-units-input is visible with speed 40, visibility percentage 100%, timeout 10000 ms, with centering disabled RUNNING
13:25:13.284 [ INFO] maestro.orchestra.Orchestra.scrollUntilVisible: Scrolling try count: 0, DeviceWidth: 1080, DeviceWidth: 2408
13:25:13.285 [ INFO] maestro.orchestra.Orchestra.scrollUntilVisible: Element bounds: Bounds(x=557, y=1696, width=419, height=159)
13:25:13.286 [ INFO] maestro.orchestra.Orchestra.scrollUntilVisible: Visibility Percent: 1.0
13:25:13.302 [ INFO] maestro.orchestra.Orchestra.scrollUntilVisible: Command centerElement: ScrollUntilVisibleCommand(selector=ElementSelector(textRegex=null, idRegex=pick-units-input, size=null, below=null, above=null, leftOf=null, rightOf=null, containsChild=null, containsDescendants=null, traits=null, index=null, enabled=null, optional=false, selected=null, checked=null, focused=null, childOf=null, css=null), direction=DOWN, scrollDuration=601, visibilityPercentage=100, timeout=10000, waitToSettleTimeoutMs=null, centerElement=false, originalSpeedValue=40, label=null, optional=false).centerElement
13:25:13.302 [ INFO] maestro.orchestra.Orchestra.scrollUntilVisible: visibilityPercentageNormalized: 1.0
13:25:13.303 [ INFO] maestro.cli.runner.CliConsoleListener.onCommandFinished: Scrolling DOWN until id: pick-units-input is visible with speed 40, visibility percentage 100%, timeout 10000 ms, with centering disabled COMPLETED
13:25:13.303 [ INFO] maestro.cli.runner.CliConsoleListener.onCommandStart: Tap on id: pick-units-input RUNNING
13:25:13.599 [ INFO] maestro.Maestro.tap-HgV9Ck0: Tapping on element:  UiElement(treeNode=TreeNode(attributes={text=, accessibilityText=, hintText=0, ignoreBoundsFiltering=false, resource-id=pick-units-input, clickable=true, bounds=[557,1696][976,1855], enabled=true, focused=false, checked=false, scrollable=false, selected=false, class=android.widget.EditText, important-for-accessibility=true, error=}, children=[], clickable=true, enabled=true, focused=false, checked=false, selected=false), bounds=Bounds(x=557, y=1696, width=419, height=159))
13:25:15.378 [ INFO] maestro.Maestro.tap-HgV9Ck0: Tap aimed via settled hierarchy
13:25:15.381 [ INFO] maestro.Maestro.hierarchyBasedTap-ogj28Uc: Tapping at (766, 1775) using hierarchy based logic for wait
13:25:17.103 [ INFO] maestro.Maestro.hierarchyBasedTap-ogj28Uc: Something has changed in the UI judging by view hierarchy. Proceed.
13:25:17.104 [ INFO] maestro.cli.runner.CliConsoleListener.onCommandFinished: Tap on id: pick-units-input COMPLETED
13:25:17.104 [ INFO] maestro.cli.runner.CliConsoleListener.onCommandStart: Input text 10 RUNNING
13:25:17.105 [ INFO] maestro.Maestro.inputText: Inputting text: 10
13:25:18.440 [ INFO] maestro.cli.runner.CliConsoleListener.onCommandFinished: Input text 10 COMPLETED
13:25:18.440 [ INFO] maestro.cli.runner.CliConsoleListener.onCommandStart: Hide Keyboard RUNNING
13:25:18.440 [ INFO] maestro.Maestro.hideKeyboard$lambda$12: Hiding Keyboard
13:25:20.067 [ INFO] maestro.cli.runner.CliConsoleListener.onCommandFinished: Hide Keyboard COMPLETED
13:25:20.070 [ INFO] maestro.cli.runner.CliConsoleListener.onCommandStart: Scrolling DOWN until id: confirm-qty-button is visible with speed 40, visibility percentage 100%, timeout 10000 ms, with centering disabled RUNNING
13:25:20.381 [ INFO] maestro.orchestra.Orchestra.scrollUntilVisible: Scrolling try count: 0, DeviceWidth: 1080, DeviceWidth: 2408
13:25:20.381 [ INFO] maestro.orchestra.Orchestra.scrollUntilVisible: Element bounds: Bounds(x=56, y=977, width=968, height=124)
13:25:20.382 [ INFO] maestro.orchestra.Orchestra.scrollUntilVisible: Visibility Percent: 1.0
13:25:20.382 [ INFO] maestro.orchestra.Orchestra.scrollUntilVisible: Command centerElement: ScrollUntilVisibleCommand(selector=ElementSelector(textRegex=null, idRegex=confirm-qty-button, size=null, below=null, above=null, leftOf=null, rightOf=null, containsChild=null, containsDescendants=null, traits=null, index=null, enabled=null, optional=false, selected=null, checked=null, focused=null, childOf=null, css=null), direction=DOWN, scrollDuration=601, visibilityPercentage=100, timeout=10000, waitToSettleTimeoutMs=null, centerElement=false, originalSpeedValue=40, label=null, optional=false).centerElement
13:25:20.382 [ INFO] maestro.orchestra.Orchestra.scrollUntilVisible: visibilityPercentageNormalized: 1.0
13:25:20.382 [ INFO] maestro.cli.runner.CliConsoleListener.onCommandFinished: Scrolling DOWN until id: confirm-qty-button is visible with speed 40, visibility percentage 100%, timeout 10000 ms, with centering disabled COMPLETED
13:25:20.382 [ INFO] maestro.cli.runner.CliConsoleListener.onCommandStart: Tap on id: confirm-qty-button RUNNING
13:25:20.647 [ INFO] maestro.Maestro.tap-HgV9Ck0: Tapping on element:  UiElement(treeNode=TreeNode(attributes={text=, accessibilityText=Confirm Qty, hintText=, ignoreBoundsFiltering=false, resource-id=confirm-qty-button, clickable=true, bounds=[56,977][1024,1101], enabled=true, focused=false, checked=false, scrollable=false, selected=false, class=android.widget.Button, important-for-accessibility=true, error=}, children=[TreeNode(attributes={text=, accessibilityText=, hintText=, ignoreBoundsFiltering=false, resource-id=, clickable=false, bounds=[364,1013][415,1064], enabled=true, focused=false, checked=false, scrollable=false, selected=false, class=com.horcrux.svg.SvgView, important-for-accessibility=false, error=}, children=[TreeNode(attributes={text=, accessibilityText=, hintText=, ignoreBoundsFiltering=false, resource-id=, clickable=false, bounds=[370,1019][409,1058], enabled=true, focused=false, checked=false, scrollable=false, selected=false, class=com.horcrux.svg.GroupView, important-for-accessibility=false, error=}, children=[TreeNode(attributes={text=, accessibilityText=, hintText=, ignoreBoundsFiltering=false, resource-id=, clickable=false, bounds=[370,1019][409,1058], enabled=true, focused=false, checked=false, scrollable=false, selected=false, class=com.horcrux.svg.PathView, important-for-accessibility=false, error=}, children=[], clickable=false, enabled=true, focused=false, checked=false, selected=false)], clickable=false, enabled=true, focused=false, checked=false, selected=false)], clickable=false, enabled=true, focused=false, checked=false, selected=false), TreeNode(attributes={text=Confirm Qty, accessibilityText=, hintText=, ignoreBoundsFiltering=false, resource-id=, clickable=false, bounds=[437,1009][716,1068], enabled=true, focused=false, checked=false, scrollable=false, selected=false, class=android.widget.TextView, important-for-accessibility=true, error=}, children=[], clickable=false, enabled=true, focused=false, checked=false, selected=false)], clickable=true, enabled=true, focused=false, checked=false, selected=false), bounds=Bounds(x=56, y=977, width=968, height=124))
13:25:22.504 [ INFO] maestro.Maestro.tap-HgV9Ck0: Tap aimed via settled hierarchy
13:25:22.506 [ INFO] maestro.Maestro.hierarchyBasedTap-ogj28Uc: Tapping at (540, 1039) using hierarchy based logic for wait
13:25:23.559 [ INFO] maestro.Maestro.hierarchyBasedTap-ogj28Uc: Something has changed in the UI judging by view hierarchy. Proceed.
13:25:23.562 [ INFO] maestro.cli.runner.CliConsoleListener.onCommandFinished: Tap on id: confirm-qty-button COMPLETED
13:25:23.562 [ INFO] maestro.cli.runner.CliConsoleListener.onCommandStart: Assert that "CONFIRM" is visible RUNNING
13:25:23.704 [ INFO] maestro.cli.runner.CliConsoleListener.onCommandFinished: Assert that "CONFIRM" is visible COMPLETED
13:25:23.705 [ INFO] maestro.cli.runner.CliConsoleListener.onCommandStart: Tap on "CONFIRM" RUNNING
13:25:23.858 [ INFO] maestro.Maestro.tap-HgV9Ck0: Tapping on element:  UiElement(treeNode=TreeNode(attributes={text=CONFIRM, accessibilityText=, hintText=, ignoreBoundsFiltering=false, resource-id=android:id/button1, clickable=true, bounds=[716,1262][974,1414], enabled=true, focused=false, checked=false, scrollable=false, selected=false, class=android.widget.Button, important-for-accessibility=true, error=}, children=[], clickable=true, enabled=true, focused=false, checked=false, selected=false), bounds=Bounds(x=716, y=1262, width=258, height=152))
13:25:25.211 [ INFO] maestro.Maestro.tap-HgV9Ck0: Tap aimed via settled hierarchy
13:25:25.213 [ INFO] maestro.Maestro.hierarchyBasedTap-ogj28Uc: Tapping at (845, 1338) using hierarchy based logic for wait
13:25:27.637 [ INFO] maestro.Maestro.hierarchyBasedTap-ogj28Uc: Something has changed in the UI judging by view hierarchy. Proceed.
13:25:27.638 [ INFO] maestro.cli.runner.CliConsoleListener.onCommandFinished: Tap on "CONFIRM" COMPLETED
13:25:27.639 [ INFO] maestro.cli.runner.CliConsoleListener.onCommandStart: Wait for animation to end RUNNING
13:25:27.641 [ INFO] maestro.Maestro.waitForAnimationToEnd$lambda$53: Waiting for animation to end with timeout 15000
13:25:27.642 [TRACE] maestro.utils.ScreenshotUtils.takeScreenshot: Taking screenshot to byte array
13:25:27.642 [TRACE] maestro.utils.ScreenshotUtils.takeScreenshot: Taking screenshot to output sink
13:25:27.936 [TRACE] maestro.utils.ScreenshotUtils.takeScreenshot: Taking screenshot to byte array
13:25:27.936 [TRACE] maestro.utils.ScreenshotUtils.takeScreenshot: Taking screenshot to output sink
13:25:28.639 [TRACE] maestro.utils.ScreenshotUtils.takeScreenshot: Taking screenshot to byte array
13:25:28.642 [TRACE] maestro.utils.ScreenshotUtils.takeScreenshot: Taking screenshot to output sink
13:25:28.913 [TRACE] maestro.utils.ScreenshotUtils.takeScreenshot: Taking screenshot to byte array
13:25:28.913 [TRACE] maestro.utils.ScreenshotUtils.takeScreenshot: Taking screenshot to output sink
13:25:29.309 [ INFO] maestro.cli.runner.CliConsoleListener.onCommandFinished: Wait for animation to end COMPLETED
13:25:29.309 [ INFO] maestro.cli.runner.CliConsoleListener.onCommandStart: Take screenshot qty-confirmed RUNNING
13:25:29.310 [ INFO] maestro.Maestro.takeScreenshot: Taking screenshot
13:25:29.310 [TRACE] maestro.utils.ScreenshotUtils.takeScreenshot: Taking screenshot to output sink
13:25:29.562 [ INFO] maestro.cli.runner.CliConsoleListener.onCommandFinished: Take screenshot qty-confirmed COMPLETED
13:25:29.562 [ INFO] maestro.cli.runner.CliConsoleListener.onCommandStart: Confirm destination pallet TEST-PICK-SHARED-PALLET RUNNING
13:25:29.563 [ INFO] maestro.cli.runner.CliConsoleListener.onCommandStart: Define variables RUNNING
13:25:29.563 [ INFO] maestro.cli.runner.CliConsoleListener.onCommandFinished: Define variables COMPLETED
13:25:29.563 [ INFO] maestro.cli.runner.CliConsoleListener.onCommandStart: Apply configuration RUNNING
13:25:29.564 [ INFO] maestro.cli.runner.CliConsoleListener.onCommandFinished: Apply configuration COMPLETED
13:25:29.564 [ INFO] maestro.cli.runner.CliConsoleListener.onCommandStart: Assert that id: ${triggerId} is visible RUNNING
13:25:30.520 [ INFO] maestro.cli.runner.CliConsoleListener.onCommandFinished: Assert that id: ${triggerId} is visible COMPLETED
13:25:30.520 [ INFO] maestro.cli.runner.CliConsoleListener.onCommandStart: Tap on id: ${triggerId} RUNNING
13:25:31.094 [ INFO] maestro.Maestro.tap-HgV9Ck0: Tapping on element:  UiElement(treeNode=TreeNode(attributes={text=, accessibilityText=Confirm Pallet, hintText=, ignoreBoundsFiltering=false, resource-id=confirm-pallet-button, clickable=true, bounds=[56,1129][1024,1253], enabled=true, focused=false, checked=false, scrollable=false, selected=false, class=android.widget.Button, important-for-accessibility=true, error=}, children=[TreeNode(attributes={text=, accessibilityText=, hintText=, ignoreBoundsFiltering=false, resource-id=, clickable=false, bounds=[342,1165][393,1216], enabled=true, focused=false, checked=false, scrollable=false, selected=false, class=com.horcrux.svg.SvgView, important-for-accessibility=false, error=}, children=[TreeNode(attributes={text=, accessibilityText=, hintText=, ignoreBoundsFiltering=false, resource-id=, clickable=false, bounds=[348,1171][387,1210], enabled=true, focused=false, checked=false, scrollable=false, selected=false, class=com.horcrux.svg.GroupView, important-for-accessibility=false, error=}, children=[TreeNode(attributes={text=, accessibilityText=, hintText=, ignoreBoundsFiltering=false, resource-id=, clickable=false, bounds=[348,1171][357,1180], enabled=true, focused=false, checked=false, scrollable=false, selected=false, class=com.horcrux.svg.PathView, important-for-accessibility=false, error=}, children=[], clickable=false, enabled=true, focused=false, checked=false, selected=false), TreeNode(attributes={text=, accessibilityText=, hintText=, ignoreBoundsFiltering=false, resource-id=, clickable=false, bounds=[378,1171][387,1180], enabled=true, focused=false, checked=false, scrollable=false, selected=false, class=com.horcrux.svg.PathView, important-for-accessibility=false, error=}, children=[], clickable=false, enabled=true, focused=false, checked=false, selected=false), TreeNode(attributes={text=, accessibilityText=, hintText=, ignoreBoundsFiltering=false, resource-id=, clickable=false, bounds=[348,1201][357,1210], enabled=true, focused=false, checked=false, scrollable=false, selected=false, class=com.horcrux.svg.PathView, important-for-accessibility=false, error=}, children=[], clickable=false, enabled=true, focused=false, checked=false, selected=false), TreeNode(attributes={text=, accessibilityText=, hintText=, ignoreBoundsFiltering=false, resource-id=, clickable=false, bounds=[378,1201][387,1210], enabled=true, focused=false, checked=false, scrollable=false, selected=false, class=com.horcrux.svg.PathView, important-for-accessibility=false, error=}, children=[], clickable=false, enabled=true, focused=false, checked=false, selected=false)], clickable=false, enabled=true, focused=false, checked=false, selected=false)], clickable=false, enabled=true, focused=false, checked=false, selected=false), TreeNode(attributes={text=Confirm Pallet, accessibilityText=, hintText=, ignoreBoundsFiltering=false, resource-id=, clickable=false, bounds=[415,1161][738,1220], enabled=true, focused=false, checked=false, scrollable=false, selected=false, class=android.widget.TextView, important-for-accessibility=true, error=}, children=[], clickable=false, enabled=true, focused=false, checked=false, selected=false)], clickable=true, enabled=true, focused=false, checked=false, selected=false), bounds=Bounds(x=56, y=1129, width=968, height=124))
13:25:32.543 [ INFO] maestro.Maestro.tap-HgV9Ck0: Tap aimed via settled hierarchy
13:25:32.544 [ INFO] maestro.Maestro.hierarchyBasedTap-ogj28Uc: Tapping at (540, 1191) using hierarchy based logic for wait
13:25:35.339 [ INFO] maestro.Maestro.hierarchyBasedTap-ogj28Uc: Something has changed in the UI judging by view hierarchy. Proceed.
13:25:35.345 [ INFO] maestro.cli.runner.CliConsoleListener.onCommandFinished: Tap on id: ${triggerId} COMPLETED
13:25:35.345 [ INFO] maestro.cli.runner.CliConsoleListener.onCommandStart: Assert that id: scanner-manual-entry-button is visible RUNNING
13:25:35.476 [ INFO] maestro.cli.runner.CliConsoleListener.onCommandFinished: Assert that id: scanner-manual-entry-button is visible COMPLETED
13:25:35.476 [ INFO] maestro.cli.runner.CliConsoleListener.onCommandStart: Tap on id: scanner-manual-entry-button RUNNING
13:25:35.605 [ INFO] maestro.Maestro.tap-HgV9Ck0: Tapping on element:  UiElement(treeNode=TreeNode(attributes={text=, accessibilityText=MANUAL ENTRY (TEST), hintText=, ignoreBoundsFiltering=false, resource-id=scanner-manual-entry-button, clickable=true, bounds=[228,1798][852,1936], enabled=true, focused=false, checked=false, scrollable=false, selected=false, class=android.view.ViewGroup, important-for-accessibility=true, error=}, children=[TreeNode(attributes={text=MANUAL ENTRY (TEST), accessibilityText=, hintText=, ignoreBoundsFiltering=false, resource-id=, clickable=false, bounds=[301,1837][779,1896], enabled=true, focused=false, checked=false, scrollable=false, selected=false, class=android.widget.TextView, important-for-accessibility=true, error=}, children=[], clickable=false, enabled=true, focused=false, checked=false, selected=false)], clickable=true, enabled=true, focused=false, checked=false, selected=false), bounds=Bounds(x=228, y=1798, width=624, height=138))
13:25:37.449 [ INFO] maestro.Maestro.tap-HgV9Ck0: Tap aimed via settled hierarchy
13:25:37.450 [ INFO] maestro.Maestro.hierarchyBasedTap-ogj28Uc: Tapping at (540, 1867) using hierarchy based logic for wait
13:25:38.726 [ INFO] maestro.Maestro.hierarchyBasedTap-ogj28Uc: Something has changed in the UI judging by view hierarchy. Proceed.
13:25:38.726 [ INFO] maestro.cli.runner.CliConsoleListener.onCommandFinished: Tap on id: scanner-manual-entry-button COMPLETED
13:25:38.727 [ INFO] maestro.cli.runner.CliConsoleListener.onCommandStart: Assert that id: scanner-manual-input is visible RUNNING
13:25:38.874 [ INFO] maestro.cli.runner.CliConsoleListener.onCommandFinished: Assert that id: scanner-manual-input is visible COMPLETED
13:25:38.874 [ INFO] maestro.cli.runner.CliConsoleListener.onCommandStart: Tap on id: scanner-manual-input RUNNING
13:25:39.023 [ INFO] maestro.Maestro.tap-HgV9Ck0: Tapping on element:  UiElement(treeNode=TreeNode(attributes={text=, accessibilityText=, hintText=Type barcode or QR code value..., ignoreBoundsFiltering=false, resource-id=scanner-manual-input, clickable=true, bounds=[124,1090][956,1264], enabled=true, focused=true, checked=false, scrollable=false, selected=false, class=android.widget.EditText, important-for-accessibility=true, error=}, children=[], clickable=true, enabled=true, focused=true, checked=false, selected=false), bounds=Bounds(x=124, y=1090, width=832, height=174))
13:25:40.828 [ INFO] maestro.Maestro.tap-HgV9Ck0: Tap aimed via settled hierarchy
13:25:40.830 [ INFO] maestro.Maestro.hierarchyBasedTap-ogj28Uc: Tapping at (540, 1177) using hierarchy based logic for wait
13:25:42.575 [ INFO] maestro.Maestro.hierarchyBasedTap-ogj28Uc: Something has changed in the UI judging by view hierarchy. Proceed.
13:25:42.578 [ INFO] maestro.cli.runner.CliConsoleListener.onCommandFinished: Tap on id: scanner-manual-input COMPLETED
13:25:42.578 [ INFO] maestro.cli.runner.CliConsoleListener.onCommandStart: Input text ${value} RUNNING
13:25:42.590 [ INFO] maestro.Maestro.inputText: Inputting text: TEST-PICK-SHARED-PALLET
13:25:47.627 [ INFO] maestro.cli.runner.CliConsoleListener.onCommandFinished: Input text ${value} COMPLETED
13:25:47.628 [ INFO] maestro.cli.runner.CliConsoleListener.onCommandStart: Tap on id: scanner-manual-submit RUNNING
13:25:48.067 [ INFO] maestro.Maestro.tap-HgV9Ck0: Tapping on element:  UiElement(treeNode=TreeNode(attributes={text=, accessibilityText=Submit, hintText=, ignoreBoundsFiltering=false, resource-id=scanner-manual-submit, clickable=true, bounds=[560,884][956,1035], enabled=true, focused=false, checked=false, scrollable=false, selected=false, class=android.view.ViewGroup, important-for-accessibility=true, error=}, children=[TreeNode(attributes={text=Submit, accessibilityText=, hintText=, ignoreBoundsFiltering=false, resource-id=, clickable=false, bounds=[678,923][838,990], enabled=true, focused=false, checked=false, scrollable=false, selected=false, class=android.widget.TextView, important-for-accessibility=true, error=}, children=[], clickable=false, enabled=true, focused=false, checked=false, selected=false)], clickable=true, enabled=true, focused=false, checked=false, selected=false), bounds=Bounds(x=560, y=884, width=396, height=151))
13:25:49.703 [ INFO] maestro.Maestro.tap-HgV9Ck0: Tap aimed via settled hierarchy
13:25:49.705 [ INFO] maestro.Maestro.hierarchyBasedTap-ogj28Uc: Tapping at (758, 959) using hierarchy based logic for wait
13:25:53.220 [ INFO] maestro.Maestro.hierarchyBasedTap-ogj28Uc: Something has changed in the UI judging by view hierarchy. Proceed.
13:25:53.220 [ INFO] maestro.cli.runner.CliConsoleListener.onCommandFinished: Tap on id: scanner-manual-submit COMPLETED
13:25:53.220 [ INFO] maestro.cli.runner.CliConsoleListener.onCommandStart: Wait for animation to end RUNNING
13:25:53.221 [ INFO] maestro.Maestro.waitForAnimationToEnd$lambda$53: Waiting for animation to end with timeout 15000
13:25:53.221 [TRACE] maestro.utils.ScreenshotUtils.takeScreenshot: Taking screenshot to byte array
13:25:53.221 [TRACE] maestro.utils.ScreenshotUtils.takeScreenshot: Taking screenshot to output sink
13:25:53.475 [TRACE] maestro.utils.ScreenshotUtils.takeScreenshot: Taking screenshot to byte array
13:25:53.476 [TRACE] maestro.utils.ScreenshotUtils.takeScreenshot: Taking screenshot to output sink
13:25:54.044 [ INFO] maestro.cli.runner.CliConsoleListener.onCommandFinished: Wait for animation to end COMPLETED
13:25:54.044 [ INFO] maestro.cli.runner.CliConsoleListener.onCommandStart: Take screenshot after-scan-${value} RUNNING
13:25:54.052 [ INFO] maestro.Maestro.takeScreenshot: Taking screenshot
13:25:54.052 [TRACE] maestro.utils.ScreenshotUtils.takeScreenshot: Taking screenshot to output sink
13:25:54.259 [ INFO] maestro.cli.runner.CliConsoleListener.onCommandFinished: Take screenshot after-scan-${value} COMPLETED
13:25:54.260 [ INFO] maestro.cli.runner.CliConsoleListener.onCommandFinished: Confirm destination pallet TEST-PICK-SHARED-PALLET COMPLETED
13:25:54.260 [ INFO] maestro.cli.runner.CliConsoleListener.onCommandStart: Assert that "Complete Work Order" is visible RUNNING
13:25:54.419 [ INFO] maestro.cli.runner.CliConsoleListener.onCommandFinished: Assert that "Complete Work Order" is visible COMPLETED
13:25:54.420 [ INFO] maestro.cli.runner.CliConsoleListener.onCommandStart: Take screenshot work-order-ready RUNNING
13:25:54.421 [ INFO] maestro.Maestro.takeScreenshot: Taking screenshot
13:25:54.421 [TRACE] maestro.utils.ScreenshotUtils.takeScreenshot: Taking screenshot to output sink
13:25:54.612 [ INFO] maestro.cli.runner.CliConsoleListener.onCommandFinished: Take screenshot work-order-ready COMPLETED
13:25:54.612 [ INFO] maestro.cli.runner.CliConsoleListener.onCommandStart: Complete work order RUNNING
13:25:54.783 [ INFO] maestro.Maestro.tap-HgV9Ck0: Tapping on element:  UiElement(treeNode=TreeNode(attributes={text=Complete Work Order, accessibilityText=, hintText=, ignoreBoundsFiltering=false, resource-id=, clickable=false, bounds=[292,1236][787,1295], enabled=true, focused=false, checked=false, scrollable=false, selected=false, class=android.widget.TextView, important-for-accessibility=true, error=}, children=[], clickable=false, enabled=true, focused=false, checked=false, selected=false), bounds=Bounds(x=292, y=1236, width=495, height=59))
13:25:56.770 [ INFO] maestro.Maestro.tap-HgV9Ck0: Tap aimed via settled hierarchy
13:25:56.771 [ INFO] maestro.Maestro.hierarchyBasedTap-ogj28Uc: Tapping at (539, 1265) using hierarchy based logic for wait
13:25:57.943 [ INFO] maestro.Maestro.hierarchyBasedTap-ogj28Uc: Something has changed in the UI judging by view hierarchy. Proceed.
13:25:57.944 [ INFO] maestro.cli.runner.CliConsoleListener.onCommandFinished: Complete work order COMPLETED
13:25:57.944 [ INFO] maestro.cli.runner.CliConsoleListener.onCommandStart: Assert that "COMPLETE" is visible RUNNING
13:25:58.054 [ INFO] maestro.cli.runner.CliConsoleListener.onCommandFinished: Assert that "COMPLETE" is visible COMPLETED
13:25:58.055 [ INFO] maestro.cli.runner.CliConsoleListener.onCommandStart: Tap on "COMPLETE" RUNNING
13:25:58.154 [ INFO] maestro.Maestro.tap-HgV9Ck0: Tapping on element:  UiElement(treeNode=TreeNode(attributes={text=COMPLETE, accessibilityText=, hintText=, ignoreBoundsFiltering=false, resource-id=android:id/button1, clickable=true, bounds=[681,1239][974,1391], enabled=true, focused=false, checked=false, scrollable=false, selected=false, class=android.widget.Button, important-for-accessibility=true, error=}, children=[], clickable=true, enabled=true, focused=false, checked=false, selected=false), bounds=Bounds(x=681, y=1239, width=293, height=152))
13:25:59.418 [ INFO] maestro.Maestro.tap-HgV9Ck0: Tap aimed via settled hierarchy
13:25:59.419 [ INFO] maestro.Maestro.hierarchyBasedTap-ogj28Uc: Tapping at (827, 1315) using hierarchy based logic for wait
13:26:01.066 [ INFO] maestro.Maestro.hierarchyBasedTap-ogj28Uc: Something has changed in the UI judging by view hierarchy. Proceed.
13:26:01.071 [ INFO] maestro.cli.runner.CliConsoleListener.onCommandFinished: Tap on "COMPLETE" COMPLETED
13:26:01.072 [ INFO] maestro.cli.runner.CliConsoleListener.onCommandStart: Assert that "Work order case completed successfully!" is visible RUNNING
13:26:01.200 [ INFO] maestro.cli.runner.CliConsoleListener.onCommandFinished: Assert that "Work order case completed successfully!" is visible COMPLETED
13:26:01.200 [ INFO] maestro.cli.runner.CliConsoleListener.onCommandStart: Take screenshot final-state RUNNING
13:26:01.202 [ INFO] maestro.Maestro.takeScreenshot: Taking screenshot
13:26:01.203 [TRACE] maestro.utils.ScreenshotUtils.takeScreenshot: Taking screenshot to output sink
13:26:01.405 [ INFO] maestro.cli.runner.CliConsoleListener.onCommandFinished: Take screenshot final-state COMPLETED
13:26:01.406 [ INFO] maestro.cli.runner.CliConsoleListener.onCommandStart: Assert that id: confirm-location-button is not visible RUNNING
13:26:02.049 [ INFO] maestro.cli.runner.CliConsoleListener.onCommandFinished: Assert that id: confirm-location-button is not visible COMPLETED
