07:58:05.505 [ INFO] maestro.cli.runner.CliConsoleListener.onCommandStart: Define variables RUNNING
07:58:05.518 [ INFO] maestro.cli.runner.CliConsoleListener.onCommandFinished: Define variables COMPLETED
07:58:05.520 [ INFO] maestro.cli.runner.CliConsoleListener.onCommandStart: Apply configuration RUNNING
07:58:05.521 [ INFO] maestro.cli.runner.CliConsoleListener.onCommandFinished: Apply configuration COMPLETED
07:58:05.521 [ INFO] maestro.cli.runner.CliConsoleListener.onCommandStart: Launch app "com.flowmobile" with clear state (launch arguments: {MAESTRO_TEST_MODE=true, MAESTRO_API_URL=http://192.168.0.138:8000}) RUNNING
07:58:05.522 [ INFO] maestro.Maestro.clearAppState$lambda$8: Clearing app state com.flowmobile
07:58:15.303 [DEBUG] maestro.Maestro.setPermissionInternal: Failed to set permission android.hardware.usb.UsbAccessory for app com.flowmobile: shell command failed (exit -1): 
Exception occurred while executing 'grant':
java.lang.IllegalArgumentException: Unknown permission android.hardware.usb.UsbAccessory
	at com.android.server.permission.access.permission.PermissionService.access$setRuntimePermissionGranted(qb/97281722 7c90224ff0d416aeb6cb4424c691e44226b4b42fba9bad6a8d455ec1073db6ed:47)
	at com.android.server.permission.access.permission.PermissionService.setRuntimePermissionGranted$default(qb/97281722 7c90224ff0d416aeb6cb4424c691e44226b4b42fba9bad6a8d455ec1073db6ed:293)
	at com.android.server.permission.access.permission.PermissionService.grantRuntimePermission(qb/97281722 7c90224ff0d416aeb6cb4424c691e44226b4b42fba9bad6a8d455ec1073db6ed:11)
	at com.android.server.pm.permission.PermissionManagerService.grantRuntimePermission(qb/97281722 7c90224ff0d416aeb6cb4424c691e44226b4b42fba9bad6a8d455ec1073db6ed:3)
	at android.permission.PermissionManager.grantRuntimePermissionInternal(PermissionManager.java:681)
	at android.permission.PermissionManager.grantRuntimePermission(PermissionManager.java:644)
	at com.android.server.pm.PackageManagerShellCommand.runGrantRevokePermission(qb/97281722 7c90224ff0d416aeb6cb4424c691e44226b4b42fba9bad6a8d455ec1073db6ed:258)
	at com.android.server.pm.PackageManagerShellCommand.onCommand(qb/97281722 7c90224ff0d416aeb6cb4424c691e44226b4b42fba9bad6a8d455ec1073db6ed:1700)
	at com.android.modules.utils.BasicShellCommandHandler.exec(BasicShellCommandHandler.java:97)
	at android.os.ShellCommand.exec(ShellCommand.java:38)
	at com.android.server.pm.PackageManagerService$IPackageManagerImpl.onShellCommand(qb/97281722 7c90224ff0d416aeb6cb4424c691e44226b4b42fba9bad6a8d455ec1073db6ed:23)
	at android.os.Binder.shellCommand(Binder.java:1266)
	at android.os.Binder.onTransact(Binder.java:1069)
	at android.content.pm.IPackageManager$Stub.onTransact(IPackageManager.java:5172)
	at com.android.server.pm.PackageManagerService$IPackageManagerImpl.onTransact(qb/97281722 7c90224ff0d416aeb6cb4424c691e44226b4b42fba9bad6a8d455ec1073db6ed:1)
	at android.os.Binder.execTransactInternal(Binder.java:1541)
	at android.os.Binder.execTransact(Binder.java:1480)

07:58:15.486 [ INFO] maestro.Maestro.launchApp$lambda$5: Launching app com.flowmobile
07:58:15.487 [ INFO] maestro.Maestro.launchApp$lambda$5: Stopping com.flowmobile app during launch
07:58:15.727 [ INFO] maestro.cli.runner.CliConsoleListener.onCommandFinished: Launch app "com.flowmobile" with clear state (launch arguments: {MAESTRO_TEST_MODE=true, MAESTRO_API_URL=http://192.168.0.138:8000}) COMPLETED
07:58:15.728 [ INFO] maestro.cli.runner.CliConsoleListener.onCommandStart: Take screenshot start RUNNING
07:58:15.733 [ INFO] maestro.Maestro.takeScreenshot: Taking screenshot
07:58:15.735 [TRACE] maestro.utils.ScreenshotUtils.takeScreenshot: Taking screenshot to output sink
07:58:16.090 [ INFO] maestro.cli.runner.CliConsoleListener.onCommandFinished: Take screenshot start COMPLETED
07:58:16.090 [ INFO] maestro.cli.runner.CliConsoleListener.onCommandStart: Run flows/shared-login.yaml RUNNING
07:58:16.092 [ INFO] maestro.cli.runner.CliConsoleListener.onCommandStart: Define variables RUNNING
07:58:16.092 [ INFO] maestro.cli.runner.CliConsoleListener.onCommandFinished: Define variables COMPLETED
07:58:16.093 [ INFO] maestro.cli.runner.CliConsoleListener.onCommandStart: Apply configuration RUNNING
07:58:16.093 [ INFO] maestro.cli.runner.CliConsoleListener.onCommandFinished: Apply configuration COMPLETED
07:58:16.094 [ INFO] maestro.cli.runner.CliConsoleListener.onCommandStart: Tap on (Optional) "Later" RUNNING
07:58:23.029 [ INFO] maestro.orchestra.Orchestra.executeSubflowCommands: [Command execution subflow] CommandWarned: Element not found: Text matching regex: Later
07:58:23.233 [ INFO] maestro.Maestro.takeScreenshot: Taking screenshot
07:58:23.233 [TRACE] maestro.utils.ScreenshotUtils.takeScreenshot: Taking screenshot to output sink
07:58:23.396 [ INFO] maestro.cli.runner.CliConsoleListener.onCommandFinished: Tap on (Optional) "Later" WARNED
07:58:23.397 [ INFO] maestro.cli.runner.CliConsoleListener.onCommandStart: Assert that id: login-username-input is visible RUNNING
07:58:24.518 [ INFO] maestro.cli.runner.CliConsoleListener.onCommandFinished: Assert that id: login-username-input is visible COMPLETED
07:58:24.518 [ INFO] maestro.cli.runner.CliConsoleListener.onCommandStart: Take screenshot login-screen RUNNING
07:58:24.518 [ INFO] maestro.Maestro.takeScreenshot: Taking screenshot
07:58:24.519 [TRACE] maestro.utils.ScreenshotUtils.takeScreenshot: Taking screenshot to output sink
07:58:24.708 [ INFO] maestro.cli.runner.CliConsoleListener.onCommandFinished: Take screenshot login-screen COMPLETED
07:58:24.708 [ INFO] maestro.cli.runner.CliConsoleListener.onCommandStart: Tap on id: login-username-input RUNNING
07:58:25.034 [ INFO] maestro.Maestro.tap-HgV9Ck0: Tapping on element:  UiElement(treeNode=TreeNode(attributes={text=, accessibilityText=, hintText=Enter your username, ignoreBoundsFiltering=false, resource-id=login-username-input, clickable=true, bounds=[110,889][970,1034], enabled=true, focused=false, checked=false, scrollable=false, selected=false, class=android.widget.EditText, important-for-accessibility=true, error=}, children=[], clickable=true, enabled=true, focused=false, checked=false, selected=false), bounds=Bounds(x=110, y=889, width=860, height=145))
07:58:26.366 [ INFO] maestro.Maestro.tap-HgV9Ck0: Tap aimed via settled hierarchy
07:58:26.372 [ INFO] maestro.Maestro.hierarchyBasedTap-ogj28Uc: Tapping at (540, 961) using hierarchy based logic for wait
07:58:28.148 [ INFO] maestro.Maestro.hierarchyBasedTap-ogj28Uc: Something has changed in the UI judging by view hierarchy. Proceed.
07:58:28.150 [ INFO] maestro.cli.runner.CliConsoleListener.onCommandFinished: Tap on id: login-username-input COMPLETED
07:58:28.151 [ INFO] maestro.cli.runner.CliConsoleListener.onCommandStart: Input text ${TEST_USERNAME}¬ RUNNING
07:58:28.617 [ INFO] maestro.Maestro.inputText: Inputting text: neato-tester-local¬
07:58:31.164 [ INFO] maestro.cli.runner.CliConsoleListener.onCommandFinished: Input text ${TEST_USERNAME}¬ COMPLETED
07:58:31.165 [ INFO] maestro.cli.runner.CliConsoleListener.onCommandStart: Erase 1 characters RUNNING
07:58:31.166 [ INFO] maestro.Maestro.eraseText$lambda$52: Erasing 1 characters
07:58:32.442 [ INFO] maestro.cli.runner.CliConsoleListener.onCommandFinished: Erase 1 characters COMPLETED
07:58:32.443 [ INFO] maestro.cli.runner.CliConsoleListener.onCommandStart: Tap on id: login-password-input RUNNING
07:58:32.772 [ INFO] maestro.Maestro.tap-HgV9Ck0: Tapping on element:  UiElement(treeNode=TreeNode(attributes={text=, accessibilityText=, hintText=Enter your password, ignoreBoundsFiltering=false, resource-id=login-password-input, clickable=true, bounds=[110,797][897,943], enabled=true, focused=false, checked=false, scrollable=false, selected=false, class=android.widget.EditText, important-for-accessibility=true, error=}, children=[], clickable=true, enabled=true, focused=false, checked=false, selected=false), bounds=Bounds(x=110, y=797, width=787, height=146))
07:58:34.316 [ INFO] maestro.Maestro.tap-HgV9Ck0: Tap aimed via settled hierarchy
07:58:34.317 [ INFO] maestro.Maestro.hierarchyBasedTap-ogj28Uc: Tapping at (503, 870) using hierarchy based logic for wait
07:58:35.905 [ INFO] maestro.Maestro.hierarchyBasedTap-ogj28Uc: Something has changed in the UI judging by view hierarchy. Proceed.
07:58:35.907 [ INFO] maestro.cli.runner.CliConsoleListener.onCommandFinished: Tap on id: login-password-input COMPLETED
07:58:35.907 [ INFO] maestro.cli.runner.CliConsoleListener.onCommandStart: Input text ${TEST_PASSWORD}¬ RUNNING
07:58:35.932 [ INFO] maestro.Maestro.inputText: Inputting text: Test1234!¬
07:58:38.371 [ INFO] maestro.cli.runner.CliConsoleListener.onCommandFinished: Input text ${TEST_PASSWORD}¬ COMPLETED
07:58:38.376 [ INFO] maestro.cli.runner.CliConsoleListener.onCommandStart: Erase 1 characters RUNNING
07:58:38.379 [ INFO] maestro.Maestro.eraseText$lambda$52: Erasing 1 characters
07:58:39.623 [ INFO] maestro.cli.runner.CliConsoleListener.onCommandFinished: Erase 1 characters COMPLETED
07:58:39.624 [ INFO] maestro.cli.runner.CliConsoleListener.onCommandStart: Hide Keyboard RUNNING
07:58:39.629 [ INFO] maestro.Maestro.hideKeyboard$lambda$12: Hiding Keyboard
07:58:41.177 [ INFO] maestro.cli.runner.CliConsoleListener.onCommandFinished: Hide Keyboard COMPLETED
07:58:41.178 [ INFO] maestro.cli.runner.CliConsoleListener.onCommandStart: Tap on id: login-submit-button RUNNING
07:58:41.797 [ INFO] maestro.Maestro.tap-HgV9Ck0: Tapping on element:  UiElement(treeNode=TreeNode(attributes={text=, accessibilityText=Log in, hintText=, ignoreBoundsFiltering=false, resource-id=login-submit-button, clickable=true, bounds=[68,1366][1013,1512], enabled=true, focused=false, checked=false, scrollable=false, selected=false, class=android.widget.Button, important-for-accessibility=true, error=}, children=[TreeNode(attributes={text=Log in, accessibilityText=, hintText=, ignoreBoundsFiltering=false, resource-id=, clickable=false, bounds=[468,1408][614,1470], enabled=true, focused=false, checked=false, scrollable=false, selected=false, class=android.widget.TextView, important-for-accessibility=true, error=}, children=[], clickable=false, enabled=true, focused=false, checked=false, selected=false)], clickable=true, enabled=true, focused=false, checked=false, selected=false), bounds=Bounds(x=68, y=1366, width=945, height=146))
07:58:43.164 [ INFO] maestro.Maestro.tap-HgV9Ck0: Tap aimed via settled hierarchy
07:58:43.165 [ INFO] maestro.Maestro.hierarchyBasedTap-ogj28Uc: Tapping at (540, 1439) using hierarchy based logic for wait
07:58:43.664 [ INFO] maestro.cli.runner.CliConsoleListener.onCommandFinished: Tap on id: login-submit-button COMPLETED
07:58:43.664 [ INFO] maestro.cli.runner.CliConsoleListener.onCommandStart: Assert that id: dashboard-operations-button is visible RUNNING
07:58:45.355 [ INFO] maestro.cli.runner.CliConsoleListener.onCommandFinished: Assert that id: dashboard-operations-button is visible COMPLETED
07:58:45.356 [ INFO] maestro.cli.runner.CliConsoleListener.onCommandStart: Assert that id: dashboard-operations-button is visible RUNNING
07:58:45.907 [ INFO] maestro.cli.runner.CliConsoleListener.onCommandFinished: Assert that id: dashboard-operations-button is visible COMPLETED
07:58:45.907 [ INFO] maestro.cli.runner.CliConsoleListener.onCommandStart: Take screenshot dashboard RUNNING
07:58:45.908 [ INFO] maestro.Maestro.takeScreenshot: Taking screenshot
07:58:45.908 [TRACE] maestro.utils.ScreenshotUtils.takeScreenshot: Taking screenshot to output sink
07:58:46.171 [ INFO] maestro.cli.runner.CliConsoleListener.onCommandFinished: Take screenshot dashboard COMPLETED
07:58:46.172 [ INFO] maestro.cli.runner.CliConsoleListener.onCommandFinished: Run flows/shared-login.yaml COMPLETED
07:58:46.172 [ INFO] maestro.cli.runner.CliConsoleListener.onCommandStart: Run flows/navigate-to-operation.yaml RUNNING
07:58:46.172 [ INFO] maestro.cli.runner.CliConsoleListener.onCommandStart: Define variables RUNNING
07:58:46.172 [ INFO] maestro.cli.runner.CliConsoleListener.onCommandFinished: Define variables COMPLETED
07:58:46.173 [ INFO] maestro.cli.runner.CliConsoleListener.onCommandStart: Apply configuration RUNNING
07:58:46.173 [ INFO] maestro.cli.runner.CliConsoleListener.onCommandFinished: Apply configuration COMPLETED
07:58:46.173 [ INFO] maestro.cli.runner.CliConsoleListener.onCommandStart: Assert that "DASHBOARD" is visible RUNNING
07:58:46.507 [ INFO] maestro.cli.runner.CliConsoleListener.onCommandFinished: Assert that "DASHBOARD" is visible COMPLETED
07:58:46.507 [ INFO] maestro.cli.runner.CliConsoleListener.onCommandStart: Tap on id: dashboard-operations-button RUNNING
07:58:46.718 [ INFO] maestro.Maestro.tap-HgV9Ck0: Tapping on element:  UiElement(treeNode=TreeNode(attributes={text=, accessibilityText=Operations, Packing, receiving, QC, picking, outbound, hintText=, ignoreBoundsFiltering=false, resource-id=dashboard-operations-button, clickable=true, bounds=[56,540][1024,813], enabled=true, focused=false, checked=false, scrollable=false, selected=false, class=android.view.ViewGroup, important-for-accessibility=true, error=}, children=[TreeNode(attributes={text=, accessibilityText=, hintText=, ignoreBoundsFiltering=false, resource-id=, clickable=false, bounds=[98,615][222,739], enabled=true, focused=false, checked=false, scrollable=false, selected=false, class=android.view.ViewGroup, important-for-accessibility=false, error=}, children=[TreeNode(attributes={text=, accessibilityText=, hintText=, ignoreBoundsFiltering=false, resource-id=, clickable=false, bounds=[132,649][188,705], enabled=true, focused=false, checked=false, scrollable=false, selected=false, class=com.horcrux.svg.SvgView, important-for-accessibility=false, error=}, children=[TreeNode(attributes={text=, accessibilityText=, hintText=, ignoreBoundsFiltering=false, resource-id=, clickable=false, bounds=[135,653][184,701], enabled=true, focused=false, checked=false, scrollable=false, selected=false, class=com.horcrux.svg.GroupView, important-for-accessibility=false, error=}, children=[TreeNode(attributes={text=, accessibilityText=, hintText=, ignoreBoundsFiltering=false, resource-id=, clickable=false, bounds=[135,653][184,678], enabled=true, focused=false, checked=false, scrollable=false, selected=false, class=com.horcrux.svg.PathView, important-for-accessibility=false, error=}, children=[], clickable=false, enabled=true, focused=false, checked=false, selected=false), TreeNode(attributes={text=, accessibilityText=, hintText=, ignoreBoundsFiltering=false, resource-id=, clickable=false, bounds=[136,676][183,689], enabled=true, focused=false, checked=false, scrollable=false, selected=false, class=com.horcrux.svg.PathView, important-for-accessibility=false, error=}, children=[], clickable=false, enabled=true, focused=false, checked=false, selected=false), TreeNode(attributes={text=, accessibilityText=, hintText=, ignoreBoundsFiltering=false, resource-id=, clickable=false, bounds=[136,688][183,701], enabled=true, focused=false, checked=false, scrollable=false, selected=false, class=com.horcrux.svg.PathView, important-for-accessibility=false, error=}, children=[], clickable=false, enabled=true, focused=false, checked=false, selected=false)], clickable=false, enabled=true, focused=false, checked=false, selected=false)], clickable=false, enabled=true, focused=false, checked=false, selected=false)], clickable=false, enabled=true, focused=false, checked=false, selected=false), TreeNode(attributes={text=Operations, accessibilityText=, hintText=, ignoreBoundsFiltering=false, resource-id=, clickable=false, bounds=[261,582][930,655], enabled=true, focused=false, checked=false, scrollable=false, selected=false, class=android.widget.TextView, important-for-accessibility=true, error=}, children=[], clickable=false, enabled=true, focused=false, checked=false, selected=false), TreeNode(attributes={text=Packing, receiving, QC, picking, outbound, accessibilityText=, hintText=, ignoreBoundsFiltering=false, resource-id=, clickable=false, bounds=[261,661][930,771], enabled=true, focused=false, checked=false, scrollable=false, selected=false, class=android.widget.TextView, important-for-accessibility=true, error=}, children=[], clickable=false, enabled=true, focused=false, checked=false, selected=false), TreeNode(attributes={text=, accessibilityText=, hintText=, ignoreBoundsFiltering=false, resource-id=, clickable=false, bounds=[931,651][982,702], enabled=true, focused=false, checked=false, scrollable=false, selected=false, class=com.horcrux.svg.SvgView, important-for-accessibility=false, error=}, children=[TreeNode(attributes={text=, accessibilityText=, hintText=, ignoreBoundsFiltering=false, resource-id=, clickable=false, bounds=[950,663][963,689], enabled=true, focused=false, checked=false, scrollable=false, selected=false, class=com.horcrux.svg.GroupView, important-for-accessibility=false, error=}, children=[TreeNode(attributes={text=, accessibilityText=, hintText=, ignoreBoundsFiltering=false, resource-id=, clickable=false, bounds=[950,663][963,689], enabled=true, focused=false, checked=false, scrollable=false, selected=false, class=com.horcrux.svg.PathView, important-for-accessibility=false, error=}, children=[], clickable=false, enabled=true, focused=false, checked=false, selected=false)], clickable=false, enabled=true, focused=false, checked=false, selected=false)], clickable=false, enabled=true, focused=false, checked=false, selected=false)], clickable=true, enabled=true, focused=false, checked=false, selected=false), bounds=Bounds(x=56, y=540, width=968, height=273))
07:58:48.207 [ INFO] maestro.Maestro.tap-HgV9Ck0: Tap aimed via settled hierarchy
07:58:48.208 [ INFO] maestro.Maestro.hierarchyBasedTap-ogj28Uc: Tapping at (540, 676) using hierarchy based logic for wait
07:58:50.005 [ INFO] maestro.Maestro.hierarchyBasedTap-ogj28Uc: Something has changed in the UI judging by view hierarchy. Proceed.
07:58:50.007 [ INFO] maestro.cli.runner.CliConsoleListener.onCommandFinished: Tap on id: dashboard-operations-button COMPLETED
07:58:50.007 [ INFO] maestro.cli.runner.CliConsoleListener.onCommandStart: Assert that "OPERATIONS" is visible RUNNING
07:58:50.339 [ INFO] maestro.cli.runner.CliConsoleListener.onCommandFinished: Assert that "OPERATIONS" is visible COMPLETED
07:58:50.339 [ INFO] maestro.cli.runner.CliConsoleListener.onCommandStart: Take screenshot operations-landing RUNNING
07:58:50.340 [ INFO] maestro.Maestro.takeScreenshot: Taking screenshot
07:58:50.340 [TRACE] maestro.utils.ScreenshotUtils.takeScreenshot: Taking screenshot to output sink
07:58:50.591 [ INFO] maestro.cli.runner.CliConsoleListener.onCommandFinished: Take screenshot operations-landing COMPLETED
07:58:50.591 [ INFO] maestro.cli.runner.CliConsoleListener.onCommandStart: Scroll vertically RUNNING
07:58:50.592 [ INFO] maestro.Maestro.scrollVertical: Scrolling vertically
07:58:51.915 [ INFO] maestro.cli.runner.CliConsoleListener.onCommandFinished: Scroll vertically COMPLETED
07:58:51.915 [ INFO] maestro.cli.runner.CliConsoleListener.onCommandStart: Tap on id: operations-${operation}-button RUNNING
07:58:52.081 [ INFO] maestro.Maestro.tap-HgV9Ck0: Tapping on element:  UiElement(treeNode=TreeNode(attributes={text=, accessibilityText=Picking, Pick, stage & route to lines, hintText=, ignoreBoundsFiltering=false, resource-id=operations-picking-button, clickable=true, bounds=[56,266][1024,489], enabled=true, focused=false, checked=false, scrollable=false, selected=false, class=android.view.ViewGroup, important-for-accessibility=true, error=}, children=[TreeNode(attributes={text=, accessibilityText=, hintText=, ignoreBoundsFiltering=false, resource-id=, clickable=false, bounds=[98,316][222,439], enabled=true, focused=false, checked=false, scrollable=false, selected=false, class=android.view.ViewGroup, important-for-accessibility=false, error=}, children=[TreeNode(attributes={text=, accessibilityText=, hintText=, ignoreBoundsFiltering=false, resource-id=, clickable=false, bounds=[132,350][188,407], enabled=true, focused=false, checked=false, scrollable=false, selected=false, class=com.horcrux.svg.SvgView, important-for-accessibility=false, error=}, children=[TreeNode(attributes={text=, accessibilityText=, hintText=, ignoreBoundsFiltering=false, resource-id=, clickable=false, bounds=[136,355][183,402], enabled=true, focused=false, checked=false, scrollable=false, selected=false, class=com.horcrux.svg.GroupView, important-for-accessibility=false, error=}, children=[TreeNode(attributes={text=, accessibilityText=, hintText=, ignoreBoundsFiltering=false, resource-id=, clickable=false, bounds=[136,355][183,388], enabled=true, focused=false, checked=false, scrollable=false, selected=false, class=com.horcrux.svg.PathView, important-for-accessibility=false, error=}, children=[], clickable=false, enabled=true, focused=false, checked=false, selected=false), TreeNode(attributes={text=, accessibilityText=, hintText=, ignoreBoundsFiltering=false, resource-id=, clickable=false, bounds=[148,397][153,402], enabled=true, focused=false, checked=false, scrollable=false, selected=false, class=com.horcrux.svg.CircleView, important-for-accessibility=false, error=}, children=[], clickable=false, enabled=true, focused=false, checked=false, selected=false), TreeNode(attributes={text=, accessibilityText=, hintText=, ignoreBoundsFiltering=false, resource-id=, clickable=false, bounds=[174,397][179,402], enabled=true, focused=false, checked=false, scrollable=false, selected=false, class=com.horcrux.svg.CircleView, important-for-accessibility=false, error=}, children=[], clickable=false, enabled=true, focused=false, checked=false, selected=false)], clickable=false, enabled=true, focused=false, checked=false, selected=false)], clickable=false, enabled=true, focused=false, checked=false, selected=false)], clickable=false, enabled=true, focused=false, checked=false, selected=false), TreeNode(attributes={text=Picking, accessibilityText=, hintText=, ignoreBoundsFiltering=false, resource-id=, clickable=false, bounds=[261,308][930,381], enabled=true, focused=false, checked=false, scrollable=false, selected=false, class=android.widget.TextView, important-for-accessibility=true, error=}, children=[], clickable=false, enabled=true, focused=false, checked=false, selected=false), TreeNode(attributes={text=Pick, stage & route to lines, accessibilityText=, hintText=, ignoreBoundsFiltering=false, resource-id=, clickable=false, bounds=[261,387][930,447], enabled=true, focused=false, checked=false, scrollable=false, selected=false, class=android.widget.TextView, important-for-accessibility=true, error=}, children=[], clickable=false, enabled=true, focused=false, checked=false, selected=false), TreeNode(attributes={text=, accessibilityText=, hintText=, ignoreBoundsFiltering=false, resource-id=, clickable=false, bounds=[931,352][982,403], enabled=true, focused=false, checked=false, scrollable=false, selected=false, class=com.horcrux.svg.SvgView, important-for-accessibility=false, error=}, children=[TreeNode(attributes={text=, accessibilityText=, hintText=, ignoreBoundsFiltering=false, resource-id=, clickable=false, bounds=[950,364][963,390], enabled=true, focused=false, checked=false, scrollable=false, selected=false, class=com.horcrux.svg.GroupView, important-for-accessibility=false, error=}, children=[TreeNode(attributes={text=, accessibilityText=, hintText=, ignoreBoundsFiltering=false, resource-id=, clickable=false, bounds=[950,364][963,390], enabled=true, focused=false, checked=false, scrollable=false, selected=false, class=com.horcrux.svg.PathView, important-for-accessibility=false, error=}, children=[], clickable=false, enabled=true, focused=false, checked=false, selected=false)], clickable=false, enabled=true, focused=false, checked=false, selected=false)], clickable=false, enabled=true, focused=false, checked=false, selected=false)], clickable=true, enabled=true, focused=false, checked=false, selected=false), bounds=Bounds(x=56, y=266, width=968, height=223))
07:58:53.565 [ INFO] maestro.Maestro.tap-HgV9Ck0: Tap aimed via settled hierarchy
07:58:53.566 [ INFO] maestro.Maestro.hierarchyBasedTap-ogj28Uc: Tapping at (540, 377) using hierarchy based logic for wait
07:58:55.260 [ INFO] maestro.Maestro.hierarchyBasedTap-ogj28Uc: Something has changed in the UI judging by view hierarchy. Proceed.
07:58:55.266 [ INFO] maestro.cli.runner.CliConsoleListener.onCommandFinished: Tap on id: operations-${operation}-button COMPLETED
07:58:55.267 [ INFO] maestro.cli.runner.CliConsoleListener.onCommandStart: Wait for animation to end RUNNING
07:58:55.286 [ INFO] maestro.Maestro.waitForAnimationToEnd$lambda$53: Waiting for animation to end with timeout 15000
07:58:55.287 [TRACE] maestro.utils.ScreenshotUtils.takeScreenshot: Taking screenshot to byte array
07:58:55.288 [TRACE] maestro.utils.ScreenshotUtils.takeScreenshot: Taking screenshot to output sink
07:58:55.621 [TRACE] maestro.utils.ScreenshotUtils.takeScreenshot: Taking screenshot to byte array
07:58:55.621 [TRACE] maestro.utils.ScreenshotUtils.takeScreenshot: Taking screenshot to output sink
07:58:56.090 [ INFO] maestro.cli.runner.CliConsoleListener.onCommandFinished: Wait for animation to end COMPLETED
07:58:56.090 [ INFO] maestro.cli.runner.CliConsoleListener.onCommandStart: Take screenshot operation-${operation} RUNNING
07:58:56.099 [ INFO] maestro.Maestro.takeScreenshot: Taking screenshot
07:58:56.100 [TRACE] maestro.utils.ScreenshotUtils.takeScreenshot: Taking screenshot to output sink
07:58:56.347 [ INFO] maestro.cli.runner.CliConsoleListener.onCommandFinished: Take screenshot operation-${operation} COMPLETED
07:58:56.347 [ INFO] maestro.cli.runner.CliConsoleListener.onCommandFinished: Run flows/navigate-to-operation.yaml COMPLETED
07:58:56.348 [ INFO] maestro.cli.runner.CliConsoleListener.onCommandStart: Assert that "Pick Product" is visible RUNNING
07:58:56.595 [ INFO] maestro.cli.runner.CliConsoleListener.onCommandFinished: Assert that "Pick Product" is visible COMPLETED
07:58:56.595 [ INFO] maestro.cli.runner.CliConsoleListener.onCommandStart: Take screenshot picking-landing RUNNING
07:58:56.595 [ INFO] maestro.Maestro.takeScreenshot: Taking screenshot
07:58:56.596 [TRACE] maestro.utils.ScreenshotUtils.takeScreenshot: Taking screenshot to output sink
07:58:56.806 [ INFO] maestro.cli.runner.CliConsoleListener.onCommandFinished: Take screenshot picking-landing COMPLETED
07:58:56.807 [ INFO] maestro.cli.runner.CliConsoleListener.onCommandStart: Tap on "Pick Product" RUNNING
07:58:57.053 [ INFO] maestro.Maestro.tap-HgV9Ck0: Tapping on element:  UiElement(treeNode=TreeNode(attributes={text=Pick Product, accessibilityText=, hintText=, ignoreBoundsFiltering=false, resource-id=, clickable=false, bounds=[261,1145][930,1218], enabled=true, focused=false, checked=false, scrollable=false, selected=false, class=android.widget.TextView, important-for-accessibility=true, error=}, children=[], clickable=false, enabled=true, focused=false, checked=false, selected=false), bounds=Bounds(x=261, y=1145, width=669, height=73))
07:58:58.954 [ INFO] maestro.Maestro.tap-HgV9Ck0: Tap aimed via settled hierarchy
07:58:58.956 [ INFO] maestro.Maestro.hierarchyBasedTap-ogj28Uc: Tapping at (595, 1181) using hierarchy based logic for wait
07:58:59.478 [ INFO] maestro.cli.runner.CliConsoleListener.onCommandFinished: Tap on "Pick Product" COMPLETED
07:58:59.482 [ INFO] maestro.cli.runner.CliConsoleListener.onCommandStart: Assert that "Select Shipment" is visible RUNNING
07:59:01.348 [ INFO] maestro.cli.runner.CliConsoleListener.onCommandFinished: Assert that "Select Shipment" is visible COMPLETED
07:59:01.353 [ INFO] maestro.cli.runner.CliConsoleListener.onCommandStart: Take screenshot select-shipment RUNNING
07:59:01.355 [ INFO] maestro.Maestro.takeScreenshot: Taking screenshot
07:59:01.355 [TRACE] maestro.utils.ScreenshotUtils.takeScreenshot: Taking screenshot to output sink
07:59:01.667 [ INFO] maestro.cli.runner.CliConsoleListener.onCommandFinished: Take screenshot select-shipment COMPLETED
07:59:01.667 [ INFO] maestro.cli.runner.CliConsoleListener.onCommandStart: Tap on id: picking-shipment-search-input RUNNING
07:59:01.913 [ INFO] maestro.Maestro.tap-HgV9Ck0: Tapping on element:  UiElement(treeNode=TreeNode(attributes={text=, accessibilityText=, hintText=Search shipments..., ignoreBoundsFiltering=false, resource-id=picking-shipment-search-input, clickable=true, bounds=[98,855][982,1001], enabled=true, focused=false, checked=false, scrollable=false, selected=false, class=android.widget.EditText, important-for-accessibility=true, error=}, children=[], clickable=true, enabled=true, focused=false, checked=false, selected=false), bounds=Bounds(x=98, y=855, width=884, height=146))
07:59:04.588 [ INFO] maestro.Maestro.tap-HgV9Ck0: Tap aimed via settled hierarchy
07:59:04.590 [ INFO] maestro.Maestro.hierarchyBasedTap-ogj28Uc: Tapping at (540, 928) using hierarchy based logic for wait
07:59:06.329 [ INFO] maestro.Maestro.hierarchyBasedTap-ogj28Uc: Something has changed in the UI judging by view hierarchy. Proceed.
07:59:06.330 [ INFO] maestro.cli.runner.CliConsoleListener.onCommandFinished: Tap on id: picking-shipment-search-input COMPLETED
07:59:06.330 [ INFO] maestro.cli.runner.CliConsoleListener.onCommandStart: Input text TEST-PICK-P1¬ RUNNING
07:59:06.331 [ INFO] maestro.Maestro.inputText: Inputting text: TEST-PICK-P1¬
07:59:09.180 [ INFO] maestro.cli.runner.CliConsoleListener.onCommandFinished: Input text TEST-PICK-P1¬ COMPLETED
07:59:09.181 [ INFO] maestro.cli.runner.CliConsoleListener.onCommandStart: Erase 1 characters RUNNING
07:59:09.183 [ INFO] maestro.Maestro.eraseText$lambda$52: Erasing 1 characters
07:59:10.670 [ INFO] maestro.cli.runner.CliConsoleListener.onCommandFinished: Erase 1 characters COMPLETED
07:59:10.672 [ INFO] maestro.cli.runner.CliConsoleListener.onCommandStart: Hide Keyboard RUNNING
07:59:10.673 [ INFO] maestro.Maestro.hideKeyboard$lambda$12: Hiding Keyboard
07:59:12.255 [ INFO] maestro.cli.runner.CliConsoleListener.onCommandFinished: Hide Keyboard COMPLETED
07:59:12.255 [ INFO] maestro.cli.runner.CliConsoleListener.onCommandStart: Assert that id: picking-shipment-row-TEST-PICK-P1 is visible RUNNING
07:59:12.497 [ INFO] maestro.cli.runner.CliConsoleListener.onCommandFinished: Assert that id: picking-shipment-row-TEST-PICK-P1 is visible COMPLETED
07:59:12.498 [ INFO] maestro.cli.runner.CliConsoleListener.onCommandStart: Select shipment TEST-PICK-P1 RUNNING
07:59:12.697 [ INFO] maestro.Maestro.tap-HgV9Ck0: Tapping on element:  UiElement(treeNode=TreeNode(attributes={text=, accessibilityText=TEST-PICK-P1 — 2 dests, Created: Aug 31, 2026, WORKING, hintText=, ignoreBoundsFiltering=false, resource-id=picking-shipment-row-TEST-PICK-P1, clickable=true, bounds=[59,1051][1021,1265], enabled=true, focused=false, checked=false, scrollable=false, selected=false, class=android.view.ViewGroup, important-for-accessibility=true, error=}, children=[TreeNode(attributes={text=TEST-PICK-P1 — 2 dests, accessibilityText=, hintText=, ignoreBoundsFiltering=false, resource-id=, clickable=false, bounds=[104,1090][680,1159], enabled=true, focused=false, checked=false, scrollable=false, selected=false, class=android.widget.TextView, important-for-accessibility=true, error=}, children=[], clickable=false, enabled=true, focused=false, checked=false, selected=false), TreeNode(attributes={text=Created: Aug 31, 2026, accessibilityText=, hintText=, ignoreBoundsFiltering=false, resource-id=, clickable=false, bounds=[104,1165][680,1225], enabled=true, focused=false, checked=false, scrollable=false, selected=false, class=android.widget.TextView, important-for-accessibility=true, error=}, children=[], clickable=false, enabled=true, focused=false, checked=false, selected=false), TreeNode(attributes={text=, accessibilityText=, hintText=, ignoreBoundsFiltering=false, resource-id=, clickable=false, bounds=[713,1121][976,1195], enabled=true, focused=false, checked=false, scrollable=false, selected=false, class=android.view.ViewGroup, important-for-accessibility=false, error=}, children=[TreeNode(attributes={text=, accessibilityText=, hintText=, ignoreBoundsFiltering=false, resource-id=, clickable=false, bounds=[738,1149][755,1165], enabled=true, focused=false, checked=false, scrollable=false, selected=false, class=android.view.ViewGroup, important-for-accessibility=false, error=}, children=[], clickable=false, enabled=true, focused=false, checked=false, selected=false), TreeNode(attributes={text=WORKING, accessibilityText=, hintText=, ignoreBoundsFiltering=false, resource-id=, clickable=false, bounds=[769,1132][950,1183], enabled=true, focused=false, checked=false, scrollable=false, selected=false, class=android.widget.TextView, important-for-accessibility=true, error=}, children=[], clickable=false, enabled=true, focused=false, checked=false, selected=false)], clickable=false, enabled=true, focused=false, checked=false, selected=false)], clickable=true, enabled=true, focused=false, checked=false, selected=false), bounds=Bounds(x=59, y=1051, width=962, height=214))
07:59:14.104 [ INFO] maestro.Maestro.tap-HgV9Ck0: Tap aimed via settled hierarchy
07:59:14.105 [ INFO] maestro.Maestro.hierarchyBasedTap-ogj28Uc: Tapping at (540, 1158) using hierarchy based logic for wait
07:59:16.542 [ INFO] maestro.Maestro.hierarchyBasedTap-ogj28Uc: Something has changed in the UI judging by view hierarchy. Proceed.
07:59:16.546 [ INFO] maestro.cli.runner.CliConsoleListener.onCommandFinished: Select shipment TEST-PICK-P1 COMPLETED
07:59:16.546 [ INFO] maestro.cli.runner.CliConsoleListener.onCommandStart: Assert that "Select Destination" is visible RUNNING
07:59:16.766 [ INFO] maestro.cli.runner.CliConsoleListener.onCommandFinished: Assert that "Select Destination" is visible COMPLETED
07:59:16.767 [ INFO] maestro.cli.runner.CliConsoleListener.onCommandStart: Take screenshot select-destination RUNNING
07:59:16.770 [ INFO] maestro.Maestro.takeScreenshot: Taking screenshot
07:59:16.771 [TRACE] maestro.utils.ScreenshotUtils.takeScreenshot: Taking screenshot to output sink
07:59:17.032 [ INFO] maestro.cli.runner.CliConsoleListener.onCommandFinished: Take screenshot select-destination COMPLETED
07:59:17.032 [ INFO] maestro.cli.runner.CliConsoleListener.onCommandStart: Assert that id: picking-destination-row-TEST-PICK-P1-Dest-B is visible RUNNING
07:59:17.253 [ INFO] maestro.cli.runner.CliConsoleListener.onCommandFinished: Assert that id: picking-destination-row-TEST-PICK-P1-Dest-B is visible COMPLETED
07:59:17.253 [ INFO] maestro.cli.runner.CliConsoleListener.onCommandStart: Select destination Dest B RUNNING
07:59:17.412 [ INFO] maestro.Maestro.tap-HgV9Ck0: Tapping on element:  UiElement(treeNode=TreeNode(attributes={text=, accessibilityText=TEST-PICK-P1 — Dest B, hintText=, ignoreBoundsFiltering=false, resource-id=picking-destination-row-TEST-PICK-P1-Dest-B, clickable=true, bounds=[59,1057][1021,1214], enabled=true, focused=false, checked=false, scrollable=false, selected=false, class=android.view.ViewGroup, important-for-accessibility=true, error=}, children=[TreeNode(attributes={text=TEST-PICK-P1 — Dest B, accessibilityText=, hintText=, ignoreBoundsFiltering=false, resource-id=, clickable=false, bounds=[104,1101][976,1170], enabled=true, focused=false, checked=false, scrollable=false, selected=false, class=android.widget.TextView, important-for-accessibility=true, error=}, children=[], clickable=false, enabled=true, focused=false, checked=false, selected=false)], clickable=true, enabled=true, focused=false, checked=false, selected=false), bounds=Bounds(x=59, y=1057, width=962, height=157))
07:59:18.804 [ INFO] maestro.Maestro.tap-HgV9Ck0: Tap aimed via settled hierarchy
07:59:18.807 [ INFO] maestro.Maestro.hierarchyBasedTap-ogj28Uc: Tapping at (540, 1135) using hierarchy based logic for wait
07:59:20.391 [ INFO] maestro.Maestro.hierarchyBasedTap-ogj28Uc: Something has changed in the UI judging by view hierarchy. Proceed.
07:59:20.392 [ INFO] maestro.cli.runner.CliConsoleListener.onCommandFinished: Select destination Dest B COMPLETED
07:59:20.393 [ INFO] maestro.cli.runner.CliConsoleListener.onCommandStart: Assert that "Select Line" is visible RUNNING
07:59:20.600 [ INFO] maestro.cli.runner.CliConsoleListener.onCommandFinished: Assert that "Select Line" is visible COMPLETED
07:59:20.600 [ INFO] maestro.cli.runner.CliConsoleListener.onCommandStart: Take screenshot select-line RUNNING
07:59:20.602 [ INFO] maestro.Maestro.takeScreenshot: Taking screenshot
07:59:20.603 [TRACE] maestro.utils.ScreenshotUtils.takeScreenshot: Taking screenshot to output sink
07:59:20.892 [ INFO] maestro.cli.runner.CliConsoleListener.onCommandFinished: Take screenshot select-line COMPLETED
07:59:20.892 [ INFO] maestro.cli.runner.CliConsoleListener.onCommandStart: Tap on "Production Line 1" RUNNING
07:59:21.212 [ INFO] maestro.Maestro.tap-HgV9Ck0: Tapping on element:  UiElement(treeNode=TreeNode(attributes={text=Production Line 1, accessibilityText=, hintText=, ignoreBoundsFiltering=false, resource-id=, clickable=false, bounds=[329,1557][976,1639], enabled=true, focused=false, checked=false, scrollable=false, selected=false, class=android.widget.TextView, important-for-accessibility=true, error=}, children=[], clickable=false, enabled=true, focused=false, checked=false, selected=false), bounds=Bounds(x=329, y=1557, width=647, height=82))
07:59:22.609 [ INFO] maestro.Maestro.tap-HgV9Ck0: Tap aimed via settled hierarchy
07:59:22.611 [ INFO] maestro.Maestro.hierarchyBasedTap-ogj28Uc: Tapping at (652, 1598) using hierarchy based logic for wait
07:59:24.656 [ INFO] maestro.Maestro.hierarchyBasedTap-ogj28Uc: Something has changed in the UI judging by view hierarchy. Proceed.
07:59:24.659 [ INFO] maestro.cli.runner.CliConsoleListener.onCommandFinished: Tap on "Production Line 1" COMPLETED
07:59:24.659 [ INFO] maestro.cli.runner.CliConsoleListener.onCommandStart: Assert that "Pick by Line" is visible RUNNING
07:59:24.920 [ INFO] maestro.cli.runner.CliConsoleListener.onCommandFinished: Assert that "Pick by Line" is visible COMPLETED
07:59:24.920 [ INFO] maestro.cli.runner.CliConsoleListener.onCommandStart: Take screenshot select-work-order RUNNING
07:59:24.925 [ INFO] maestro.Maestro.takeScreenshot: Taking screenshot
07:59:24.925 [TRACE] maestro.utils.ScreenshotUtils.takeScreenshot: Taking screenshot to output sink
07:59:25.167 [ INFO] maestro.cli.runner.CliConsoleListener.onCommandFinished: Take screenshot select-work-order COMPLETED
07:59:25.168 [ INFO] maestro.cli.runner.CliConsoleListener.onCommandStart: Assert that id: picking-wo-row-Demo-Pallet-WO-1 is visible RUNNING
07:59:25.461 [ INFO] maestro.cli.runner.CliConsoleListener.onCommandFinished: Assert that id: picking-wo-row-Demo-Pallet-WO-1 is visible COMPLETED
07:59:25.461 [ INFO] maestro.cli.runner.CliConsoleListener.onCommandStart: Select work order Demo Pallet WO-1 RUNNING
07:59:25.731 [ INFO] maestro.Maestro.tap-HgV9Ck0: Tapping on element:  UiElement(treeNode=TreeNode(attributes={text=, accessibilityText=Demo Pallet — WO-1, PICKING, DEMO-PALL-WO-1-MSKU — WO-2198, Cases: 0 / 10, hintText=, ignoreBoundsFiltering=false, resource-id=picking-wo-row-Demo-Pallet-WO-1, clickable=true, bounds=[59,1111][1021,1445], enabled=true, focused=false, checked=false, scrollable=false, selected=false, class=android.view.ViewGroup, important-for-accessibility=true, error=}, children=[TreeNode(attributes={text=Demo Pallet — WO-1, accessibilityText=, hintText=, ignoreBoundsFiltering=false, resource-id=, clickable=false, bounds=[104,1145][717,1214], enabled=true, focused=false, checked=false, scrollable=false, selected=false, class=android.widget.TextView, important-for-accessibility=true, error=}, children=[], clickable=false, enabled=true, focused=false, checked=false, selected=false), TreeNode(attributes={text=, accessibilityText=, hintText=, ignoreBoundsFiltering=false, resource-id=, clickable=false, bounds=[739,1145][976,1218], enabled=true, focused=false, checked=false, scrollable=false, selected=false, class=android.view.ViewGroup, important-for-accessibility=false, error=}, children=[TreeNode(attributes={text=, accessibilityText=, hintText=, ignoreBoundsFiltering=false, resource-id=, clickable=false, bounds=[764,1173][781,1190], enabled=true, focused=false, checked=false, scrollable=false, selected=false, class=android.view.ViewGroup, important-for-accessibility=false, error=}, children=[], clickable=false, enabled=true, focused=false, checked=false, selected=false), TreeNode(attributes={text=PICKING, accessibilityText=, hintText=, ignoreBoundsFiltering=false, resource-id=, clickable=false, bounds=[795,1156][950,1207], enabled=true, focused=false, checked=false, scrollable=false, selected=false, class=android.widget.TextView, important-for-accessibility=true, error=}, children=[], clickable=false, enabled=true, focused=false, checked=false, selected=false)], clickable=false, enabled=true, focused=false, checked=false, selected=false), TreeNode(attributes={text=DEMO-PALL-WO-1-MSKU — WO-2198, accessibilityText=, hintText=, ignoreBoundsFiltering=false, resource-id=, clickable=false, bounds=[104,1230][976,1290], enabled=true, focused=false, checked=false, scrollable=false, selected=false, class=android.widget.TextView, important-for-accessibility=true, error=}, children=[], clickable=false, enabled=true, focused=false, checked=false, selected=false), TreeNode(attributes={text=Cases: 0 / 10, accessibilityText=, hintText=, ignoreBoundsFiltering=false, resource-id=, clickable=false, bounds=[104,1312][976,1372], enabled=true, focused=false, checked=false, scrollable=false, selected=false, class=android.widget.TextView, important-for-accessibility=true, error=}, children=[], clickable=false, enabled=true, focused=false, checked=false, selected=false), TreeNode(attributes={text=, accessibilityText=, hintText=, ignoreBoundsFiltering=false, resource-id=, clickable=false, bounds=[104,1395][976,1412], enabled=true, focused=false, checked=false, scrollable=false, selected=false, class=android.view.ViewGroup, important-for-accessibility=false, error=}, children=[], clickable=false, enabled=true, focused=false, checked=false, selected=false)], clickable=true, enabled=true, focused=false, checked=false, selected=false), bounds=Bounds(x=59, y=1111, width=962, height=334))
07:59:27.650 [ INFO] maestro.Maestro.tap-HgV9Ck0: Tap aimed via settled hierarchy
07:59:27.652 [ INFO] maestro.Maestro.hierarchyBasedTap-ogj28Uc: Tapping at (540, 1278) using hierarchy based logic for wait
07:59:28.820 [ INFO] maestro.Maestro.hierarchyBasedTap-ogj28Uc: Something has changed in the UI judging by view hierarchy. Proceed.
07:59:28.821 [ INFO] maestro.cli.runner.CliConsoleListener.onCommandFinished: Select work order Demo Pallet WO-1 COMPLETED
07:59:28.824 [ INFO] maestro.cli.runner.CliConsoleListener.onCommandStart: Assert that id: pick-component-card-DEMO-PALL-WO-1-WSKU is visible RUNNING
07:59:29.638 [ INFO] maestro.cli.runner.CliConsoleListener.onCommandFinished: Assert that id: pick-component-card-DEMO-PALL-WO-1-WSKU is visible COMPLETED
07:59:29.638 [ INFO] maestro.cli.runner.CliConsoleListener.onCommandStart: Take screenshot work-order-details RUNNING
07:59:29.640 [ INFO] maestro.Maestro.takeScreenshot: Taking screenshot
07:59:29.641 [TRACE] maestro.utils.ScreenshotUtils.takeScreenshot: Taking screenshot to output sink
07:59:29.884 [ INFO] maestro.cli.runner.CliConsoleListener.onCommandFinished: Take screenshot work-order-details COMPLETED
07:59:29.884 [ INFO] maestro.cli.runner.CliConsoleListener.onCommandStart: Open component DEMO-PALL-WO-1-WSKU RUNNING
07:59:30.151 [ INFO] maestro.Maestro.tap-HgV9Ck0: Tapping on element:  UiElement(treeNode=TreeNode(attributes={text=, accessibilityText=DEMO-PALL-WO-1-WSKU, 0/10, Demo Pallet WSKU — WO-1, Location:, A-01-01-01, 10 units, Pallet:, NONE, hintText=, ignoreBoundsFiltering=false, resource-id=pick-component-card-DEMO-PALL-WO-1-WSKU, clickable=true, bounds=[56,1598][1024,2108], enabled=true, focused=false, checked=false, scrollable=false, selected=false, class=android.view.ViewGroup, important-for-accessibility=true, error=}, children=[TreeNode(attributes={text=DEMO-PALL-WO-1-WSKU, accessibilityText=, hintText=, ignoreBoundsFiltering=false, resource-id=, clickable=false, bounds=[100,1642][669,1775], enabled=true, focused=false, checked=false, scrollable=false, selected=false, class=android.widget.TextView, important-for-accessibility=true, error=}, children=[], clickable=false, enabled=true, focused=false, checked=false, selected=false), TreeNode(attributes={text=, accessibilityText=, hintText=, ignoreBoundsFiltering=false, resource-id=, clickable=false, bounds=[697,1642][856,1716], enabled=true, focused=false, checked=false, scrollable=false, selected=false, class=android.view.ViewGroup, important-for-accessibility=false, error=}, children=[TreeNode(attributes={text=, accessibilityText=, hintText=, ignoreBoundsFiltering=false, resource-id=, clickable=false, bounds=[722,1670][739,1686], enabled=true, focused=false, checked=false, scrollable=false, selected=false, class=android.view.ViewGroup, important-for-accessibility=false, error=}, children=[], clickable=false, enabled=true, focused=false, checked=false, selected=false), TreeNode(attributes={text=0/10, accessibilityText=, hintText=, ignoreBoundsFiltering=false, resource-id=, clickable=false, bounds=[753,1653][831,1704], enabled=true, focused=false, checked=false, scrollable=false, selected=false, class=android.widget.TextView, important-for-accessibility=true, error=}, children=[], clickable=false, enabled=true, focused=false, checked=false, selected=false)], clickable=false, enabled=true, focused=false, checked=false, selected=false), TreeNode(attributes={text=, accessibilityText=Line actions, hintText=, ignoreBoundsFiltering=false, resource-id=, clickable=true, bounds=[868,1652][980,1765], enabled=true, focused=false, checked=false, scrollable=false, selected=false, class=android.view.ViewGroup, important-for-accessibility=true, error=}, children=[TreeNode(attributes={text=, accessibilityText=, hintText=, ignoreBoundsFiltering=false, resource-id=, clickable=false, bounds=[899,1683][949,1734], enabled=true, focused=false, checked=false, scrollable=false, selected=false, class=com.horcrux.svg.SvgView, important-for-accessibility=false, error=}, children=[TreeNode(attributes={text=, accessibilityText=, hintText=, ignoreBoundsFiltering=false, resource-id=, clickable=false, bounds=[921,1691][926,1725], enabled=true, focused=false, checked=false, scrollable=false, selected=false, class=com.horcrux.svg.GroupView, important-for-accessibility=false, error=}, children=[TreeNode(attributes={text=, accessibilityText=, hintText=, ignoreBoundsFiltering=false, resource-id=, clickable=false, bounds=[921,1691][926,1696], enabled=true, focused=false, checked=false, scrollable=false, selected=false, class=com.horcrux.svg.CircleView, important-for-accessibility=false, error=}, children=[], clickable=false, enabled=true, focused=false, checked=false, selected=false), TreeNode(attributes={text=, accessibilityText=, hintText=, ignoreBoundsFiltering=false, resource-id=, clickable=false, bounds=[921,1706][926,1711], enabled=true, focused=false, checked=false, scrollable=false, selected=false, class=com.horcrux.svg.CircleView, important-for-accessibility=false, error=}, children=[], clickable=false, enabled=true, focused=false, checked=false, selected=false), TreeNode(attributes={text=, accessibilityText=, hintText=, ignoreBoundsFiltering=false, resource-id=, clickable=false, bounds=[921,1721][926,1726], enabled=true, focused=false, checked=false, scrollable=false, selected=false, class=com.horcrux.svg.CircleView, important-for-accessibility=false, error=}, children=[], clickable=false, enabled=true, focused=false, checked=false, selected=false)], clickable=false, enabled=true, focused=false, checked=false, selected=false)], clickable=false, enabled=true, focused=false, checked=false, selected=false)], clickable=true, enabled=true, focused=false, checked=false, selected=false), TreeNode(attributes={text=Demo Pallet WSKU — WO-1, accessibilityText=, hintText=, ignoreBoundsFiltering=false, resource-id=, clickable=false, bounds=[100,1791][980,1847], enabled=true, focused=false, checked=false, scrollable=false, selected=false, class=android.widget.TextView, important-for-accessibility=true, error=}, children=[], clickable=false, enabled=true, focused=false, checked=false, selected=false), TreeNode(attributes={text=, accessibilityText=, hintText=, ignoreBoundsFiltering=false, resource-id=, clickable=false, bounds=[100,1876][980,1981], enabled=true, focused=false, checked=false, scrollable=false, selected=false, class=android.view.ViewGroup, important-for-accessibility=false, error=}, children=[TreeNode(attributes={text=Location:, accessibilityText=, hintText=, ignoreBoundsFiltering=false, resource-id=, clickable=false, bounds=[137,1901][307,1957], enabled=true, focused=false, checked=false, scrollable=false, selected=false, class=android.widget.TextView, important-for-accessibility=true, error=}, children=[], clickable=false, enabled=true, focused=false, checked=false, selected=false), TreeNode(attributes={text=A-01-01-01, accessibilityText=, hintText=, ignoreBoundsFiltering=false, resource-id=, clickable=false, bounds=[323,1899][817,1959], enabled=true, focused=false, checked=false, scrollable=false, selected=false, class=android.widget.TextView, important-for-accessibility=true, error=}, children=[], clickable=false, enabled=true, focused=false, checked=false, selected=false), TreeNode(attributes={text=10 units, accessibilityText=, hintText=, ignoreBoundsFiltering=false, resource-id=, clickable=false, bounds=[817,1901][952,1957], enabled=true, focused=false, checked=false, scrollable=false, selected=false, class=android.widget.TextView, important-for-accessibility=true, error=}, children=[], clickable=false, enabled=true, focused=false, checked=false, selected=false)], clickable=false, enabled=true, focused=false, checked=false, selected=false), TreeNode(attributes={text=Pallet:, accessibilityText=, hintText=, ignoreBoundsFiltering=false, resource-id=, clickable=false, bounds=[100,2009][297,2065], enabled=true, focused=false, checked=false, scrollable=false, selected=false, class=android.widget.TextView, important-for-accessibility=true, error=}, children=[], clickable=false, enabled=true, focused=false, checked=false, selected=false), TreeNode(attributes={text=NONE, accessibilityText=, hintText=, ignoreBoundsFiltering=false, resource-id=, clickable=false, bounds=[297,2009][980,2065], enabled=true, focused=false, checked=false, scrollable=false, selected=false, class=android.widget.TextView, important-for-accessibility=true, error=}, children=[], clickable=false, enabled=true, focused=false, checked=false, selected=false)], clickable=true, enabled=true, focused=false, checked=false, selected=false), bounds=Bounds(x=56, y=1598, width=968, height=510))
07:59:32.002 [ INFO] maestro.Maestro.tap-HgV9Ck0: Tap aimed via settled hierarchy
07:59:32.004 [ INFO] maestro.Maestro.hierarchyBasedTap-ogj28Uc: Tapping at (540, 1853) using hierarchy based logic for wait
07:59:34.144 [ INFO] maestro.Maestro.hierarchyBasedTap-ogj28Uc: Something has changed in the UI judging by view hierarchy. Proceed.
07:59:34.145 [ INFO] maestro.cli.runner.CliConsoleListener.onCommandFinished: Open component DEMO-PALL-WO-1-WSKU COMPLETED
07:59:34.145 [ INFO] maestro.cli.runner.CliConsoleListener.onCommandStart: Assert that id: pick-start-picking-button is visible RUNNING
07:59:34.363 [ INFO] maestro.cli.runner.CliConsoleListener.onCommandFinished: Assert that id: pick-start-picking-button is visible COMPLETED
07:59:34.363 [ INFO] maestro.cli.runner.CliConsoleListener.onCommandStart: Take screenshot pick-component RUNNING
07:59:34.363 [ INFO] maestro.Maestro.takeScreenshot: Taking screenshot
07:59:34.364 [TRACE] maestro.utils.ScreenshotUtils.takeScreenshot: Taking screenshot to output sink
07:59:34.638 [ INFO] maestro.cli.runner.CliConsoleListener.onCommandFinished: Take screenshot pick-component COMPLETED
07:59:34.638 [ INFO] maestro.cli.runner.CliConsoleListener.onCommandStart: Tap on id: pick-start-picking-button RUNNING
07:59:34.933 [ INFO] maestro.Maestro.tap-HgV9Ck0: Tapping on element:  UiElement(treeNode=TreeNode(attributes={text=, accessibilityText=A-01-01-01, 10 units, Tap to start picking, hintText=, ignoreBoundsFiltering=false, resource-id=pick-start-picking-button, clickable=true, bounds=[56,1703][1024,1916], enabled=true, focused=false, checked=false, scrollable=false, selected=false, class=android.view.ViewGroup, important-for-accessibility=true, error=}, children=[TreeNode(attributes={text=, accessibilityText=, hintText=, ignoreBoundsFiltering=false, resource-id=, clickable=false, bounds=[94,1748][145,1799], enabled=true, focused=false, checked=false, scrollable=false, selected=false, class=com.horcrux.svg.SvgView, important-for-accessibility=false, error=}, children=[TreeNode(attributes={text=, accessibilityText=, hintText=, ignoreBoundsFiltering=false, resource-id=, clickable=false, bounds=[98,1752][141,1795], enabled=true, focused=false, checked=false, scrollable=false, selected=false, class=com.horcrux.svg.GroupView, important-for-accessibility=false, error=}, children=[TreeNode(attributes={text=, accessibilityText=, hintText=, ignoreBoundsFiltering=false, resource-id=, clickable=false, bounds=[98,1752][141,1795], enabled=true, focused=false, checked=false, scrollable=false, selected=false, class=com.horcrux.svg.CircleView, important-for-accessibility=false, error=}, children=[], clickable=false, enabled=true, focused=false, checked=false, selected=false)], clickable=false, enabled=true, focused=false, checked=false, selected=false)], clickable=false, enabled=true, focused=false, checked=false, selected=false), TreeNode(attributes={text=A-01-01-01, accessibilityText=, hintText=, ignoreBoundsFiltering=false, resource-id=, clickable=false, bounds=[167,1741][834,1805], enabled=true, focused=false, checked=false, scrollable=false, selected=false, class=android.widget.TextView, important-for-accessibility=true, error=}, children=[], clickable=false, enabled=true, focused=false, checked=false, selected=false), TreeNode(attributes={text=10 units, accessibilityText=, hintText=, ignoreBoundsFiltering=false, resource-id=, clickable=false, bounds=[834,1743][986,1803], enabled=true, focused=false, checked=false, scrollable=false, selected=false, class=android.widget.TextView, important-for-accessibility=true, error=}, children=[], clickable=false, enabled=true, focused=false, checked=false, selected=false), TreeNode(attributes={text=Tap to start picking, accessibilityText=, hintText=, ignoreBoundsFiltering=false, resource-id=, clickable=false, bounds=[167,1822][986,1878], enabled=true, focused=false, checked=false, scrollable=false, selected=false, class=android.widget.TextView, important-for-accessibility=true, error=}, children=[], clickable=false, enabled=true, focused=false, checked=false, selected=false)], clickable=true, enabled=true, focused=false, checked=false, selected=false), bounds=Bounds(x=56, y=1703, width=968, height=213))
07:59:36.360 [ INFO] maestro.Maestro.tap-HgV9Ck0: Tap aimed via settled hierarchy
07:59:36.362 [ INFO] maestro.Maestro.hierarchyBasedTap-ogj28Uc: Tapping at (540, 1809) using hierarchy based logic for wait
07:59:38.040 [ INFO] maestro.Maestro.hierarchyBasedTap-ogj28Uc: Something has changed in the UI judging by view hierarchy. Proceed.
07:59:38.041 [ INFO] maestro.cli.runner.CliConsoleListener.onCommandFinished: Tap on id: pick-start-picking-button COMPLETED
07:59:38.041 [ INFO] maestro.cli.runner.CliConsoleListener.onCommandStart: Confirm location A-01-01-01 RUNNING
07:59:38.042 [ INFO] maestro.cli.runner.CliConsoleListener.onCommandStart: Define variables RUNNING
07:59:38.042 [ INFO] maestro.cli.runner.CliConsoleListener.onCommandFinished: Define variables COMPLETED
07:59:38.043 [ INFO] maestro.cli.runner.CliConsoleListener.onCommandStart: Apply configuration RUNNING
07:59:38.043 [ INFO] maestro.cli.runner.CliConsoleListener.onCommandFinished: Apply configuration COMPLETED
07:59:38.043 [ INFO] maestro.cli.runner.CliConsoleListener.onCommandStart: Assert that id: ${triggerId} is visible RUNNING
07:59:38.357 [ INFO] maestro.cli.runner.CliConsoleListener.onCommandFinished: Assert that id: ${triggerId} is visible COMPLETED
07:59:38.357 [ INFO] maestro.cli.runner.CliConsoleListener.onCommandStart: Tap on id: ${triggerId} RUNNING
07:59:38.670 [ INFO] maestro.Maestro.tap-HgV9Ck0: Tapping on element:  UiElement(treeNode=TreeNode(attributes={text=, accessibilityText=Confirm Location, hintText=, ignoreBoundsFiltering=false, resource-id=confirm-location-button, clickable=true, bounds=[56,1703][1024,1826], enabled=true, focused=false, checked=false, scrollable=false, selected=false, class=android.widget.Button, important-for-accessibility=true, error=}, children=[TreeNode(attributes={text=, accessibilityText=, hintText=, ignoreBoundsFiltering=false, resource-id=, clickable=false, bounds=[306,1739][357,1790], enabled=true, focused=false, checked=false, scrollable=false, selected=false, class=com.horcrux.svg.SvgView, important-for-accessibility=false, error=}, children=[TreeNode(attributes={text=, accessibilityText=, hintText=, ignoreBoundsFiltering=false, resource-id=, clickable=false, bounds=[314,1743][348,1787], enabled=true, focused=false, checked=false, scrollable=false, selected=false, class=com.horcrux.svg.GroupView, important-for-accessibility=false, error=}, children=[TreeNode(attributes={text=, accessibilityText=, hintText=, ignoreBoundsFiltering=false, resource-id=, clickable=false, bounds=[314,1743][348,1787], enabled=true, focused=false, checked=false, scrollable=false, selected=false, class=com.horcrux.svg.PathView, important-for-accessibility=false, error=}, children=[], clickable=false, enabled=true, focused=false, checked=false, selected=false), TreeNode(attributes={text=, accessibilityText=, hintText=, ignoreBoundsFiltering=false, resource-id=, clickable=false, bounds=[325,1753][338,1766], enabled=true, focused=false, checked=false, scrollable=false, selected=false, class=com.horcrux.svg.CircleView, important-for-accessibility=false, error=}, children=[], clickable=false, enabled=true, focused=false, checked=false, selected=false)], clickable=false, enabled=true, focused=false, checked=false, selected=false)], clickable=false, enabled=true, focused=false, checked=false, selected=false), TreeNode(attributes={text=Confirm Location, accessibilityText=, hintText=, ignoreBoundsFiltering=false, resource-id=, clickable=false, bounds=[379,1735][774,1794], enabled=true, focused=false, checked=false, scrollable=false, selected=false, class=android.widget.TextView, important-for-accessibility=true, error=}, children=[], clickable=false, enabled=true, focused=false, checked=false, selected=false)], clickable=true, enabled=true, focused=false, checked=false, selected=false), bounds=Bounds(x=56, y=1703, width=968, height=123))
07:59:40.159 [ INFO] maestro.Maestro.tap-HgV9Ck0: Tap aimed via settled hierarchy
07:59:40.160 [ INFO] maestro.Maestro.hierarchyBasedTap-ogj28Uc: Tapping at (540, 1764) using hierarchy based logic for wait
07:59:43.116 [ INFO] maestro.Maestro.hierarchyBasedTap-ogj28Uc: Something has changed in the UI judging by view hierarchy. Proceed.
07:59:43.117 [ INFO] maestro.cli.runner.CliConsoleListener.onCommandFinished: Tap on id: ${triggerId} COMPLETED
07:59:43.117 [ INFO] maestro.cli.runner.CliConsoleListener.onCommandStart: Assert that id: scanner-manual-entry-button is visible RUNNING
07:59:43.246 [ INFO] maestro.cli.runner.CliConsoleListener.onCommandFinished: Assert that id: scanner-manual-entry-button is visible COMPLETED
07:59:43.248 [ INFO] maestro.cli.runner.CliConsoleListener.onCommandStart: Tap on id: scanner-manual-entry-button RUNNING
07:59:43.382 [ INFO] maestro.Maestro.tap-HgV9Ck0: Tapping on element:  UiElement(treeNode=TreeNode(attributes={text=, accessibilityText=MANUAL ENTRY (TEST), hintText=, ignoreBoundsFiltering=false, resource-id=scanner-manual-entry-button, clickable=true, bounds=[228,1798][852,1936], enabled=true, focused=false, checked=false, scrollable=false, selected=false, class=android.view.ViewGroup, important-for-accessibility=true, error=}, children=[TreeNode(attributes={text=MANUAL ENTRY (TEST), accessibilityText=, hintText=, ignoreBoundsFiltering=false, resource-id=, clickable=false, bounds=[301,1837][779,1896], enabled=true, focused=false, checked=false, scrollable=false, selected=false, class=android.widget.TextView, important-for-accessibility=true, error=}, children=[], clickable=false, enabled=true, focused=false, checked=false, selected=false)], clickable=true, enabled=true, focused=false, checked=false, selected=false), bounds=Bounds(x=228, y=1798, width=624, height=138))
07:59:45.184 [ INFO] maestro.Maestro.tap-HgV9Ck0: Tap aimed via settled hierarchy
07:59:45.185 [ INFO] maestro.Maestro.hierarchyBasedTap-ogj28Uc: Tapping at (540, 1867) using hierarchy based logic for wait
07:59:46.580 [ INFO] maestro.Maestro.hierarchyBasedTap-ogj28Uc: Something has changed in the UI judging by view hierarchy. Proceed.
07:59:46.580 [ INFO] maestro.cli.runner.CliConsoleListener.onCommandFinished: Tap on id: scanner-manual-entry-button COMPLETED
07:59:46.580 [ INFO] maestro.cli.runner.CliConsoleListener.onCommandStart: Assert that id: scanner-manual-input is visible RUNNING
07:59:46.678 [ INFO] maestro.cli.runner.CliConsoleListener.onCommandFinished: Assert that id: scanner-manual-input is visible COMPLETED
07:59:46.678 [ INFO] maestro.cli.runner.CliConsoleListener.onCommandStart: Tap on id: scanner-manual-input RUNNING
07:59:46.791 [ INFO] maestro.Maestro.tap-HgV9Ck0: Tapping on element:  UiElement(treeNode=TreeNode(attributes={text=, accessibilityText=, hintText=Type barcode or QR code value..., ignoreBoundsFiltering=false, resource-id=scanner-manual-input, clickable=true, bounds=[124,1090][956,1264], enabled=true, focused=true, checked=false, scrollable=false, selected=false, class=android.widget.EditText, important-for-accessibility=true, error=}, children=[], clickable=true, enabled=true, focused=true, checked=false, selected=false), bounds=Bounds(x=124, y=1090, width=832, height=174))
07:59:48.133 [ INFO] maestro.Maestro.tap-HgV9Ck0: Tap aimed via settled hierarchy
07:59:48.134 [ INFO] maestro.Maestro.hierarchyBasedTap-ogj28Uc: Tapping at (540, 1177) using hierarchy based logic for wait
07:59:49.751 [ INFO] maestro.Maestro.hierarchyBasedTap-ogj28Uc: Something has changed in the UI judging by view hierarchy. Proceed.
07:59:49.752 [ INFO] maestro.cli.runner.CliConsoleListener.onCommandFinished: Tap on id: scanner-manual-input COMPLETED
07:59:49.753 [ INFO] maestro.cli.runner.CliConsoleListener.onCommandStart: Input text ${value} RUNNING
07:59:49.777 [ INFO] maestro.Maestro.inputText: Inputting text: A-01-01-01
07:59:52.722 [ INFO] maestro.cli.runner.CliConsoleListener.onCommandFinished: Input text ${value} COMPLETED
07:59:52.723 [ INFO] maestro.cli.runner.CliConsoleListener.onCommandStart: Tap on id: scanner-manual-submit RUNNING
07:59:53.221 [ INFO] maestro.Maestro.tap-HgV9Ck0: Tapping on element:  UiElement(treeNode=TreeNode(attributes={text=, accessibilityText=Submit, hintText=, ignoreBoundsFiltering=false, resource-id=scanner-manual-submit, clickable=true, bounds=[560,884][956,1035], enabled=true, focused=false, checked=false, scrollable=false, selected=false, class=android.view.ViewGroup, important-for-accessibility=true, error=}, children=[TreeNode(attributes={text=Submit, accessibilityText=, hintText=, ignoreBoundsFiltering=false, resource-id=, clickable=false, bounds=[678,923][838,990], enabled=true, focused=false, checked=false, scrollable=false, selected=false, class=android.widget.TextView, important-for-accessibility=true, error=}, children=[], clickable=false, enabled=true, focused=false, checked=false, selected=false)], clickable=true, enabled=true, focused=false, checked=false, selected=false), bounds=Bounds(x=560, y=884, width=396, height=151))
07:59:54.835 [ INFO] maestro.Maestro.tap-HgV9Ck0: Tap aimed via settled hierarchy
07:59:54.845 [ INFO] maestro.Maestro.hierarchyBasedTap-ogj28Uc: Tapping at (758, 959) using hierarchy based logic for wait
07:59:57.483 [ INFO] maestro.Maestro.hierarchyBasedTap-ogj28Uc: Something has changed in the UI judging by view hierarchy. Proceed.
07:59:57.484 [ INFO] maestro.cli.runner.CliConsoleListener.onCommandFinished: Tap on id: scanner-manual-submit COMPLETED
07:59:57.484 [ INFO] maestro.cli.runner.CliConsoleListener.onCommandStart: Wait for animation to end RUNNING
07:59:57.485 [ INFO] maestro.Maestro.waitForAnimationToEnd$lambda$53: Waiting for animation to end with timeout 15000
07:59:57.485 [TRACE] maestro.utils.ScreenshotUtils.takeScreenshot: Taking screenshot to byte array
07:59:57.485 [TRACE] maestro.utils.ScreenshotUtils.takeScreenshot: Taking screenshot to output sink
07:59:57.771 [TRACE] maestro.utils.ScreenshotUtils.takeScreenshot: Taking screenshot to byte array
07:59:57.771 [TRACE] maestro.utils.ScreenshotUtils.takeScreenshot: Taking screenshot to output sink
07:59:58.185 [ INFO] maestro.cli.runner.CliConsoleListener.onCommandFinished: Wait for animation to end COMPLETED
07:59:58.186 [ INFO] maestro.cli.runner.CliConsoleListener.onCommandStart: Take screenshot after-scan-${value} RUNNING
07:59:58.189 [ INFO] maestro.Maestro.takeScreenshot: Taking screenshot
07:59:58.189 [TRACE] maestro.utils.ScreenshotUtils.takeScreenshot: Taking screenshot to output sink
07:59:58.396 [ INFO] maestro.cli.runner.CliConsoleListener.onCommandFinished: Take screenshot after-scan-${value} COMPLETED
07:59:58.397 [ INFO] maestro.cli.runner.CliConsoleListener.onCommandFinished: Confirm location A-01-01-01 COMPLETED
07:59:58.397 [ INFO] maestro.cli.runner.CliConsoleListener.onCommandStart: Confirm UPC 111222333001 RUNNING
07:59:58.398 [ INFO] maestro.cli.runner.CliConsoleListener.onCommandStart: Define variables RUNNING
07:59:58.398 [ INFO] maestro.cli.runner.CliConsoleListener.onCommandFinished: Define variables COMPLETED
07:59:58.398 [ INFO] maestro.cli.runner.CliConsoleListener.onCommandStart: Apply configuration RUNNING
07:59:58.398 [ INFO] maestro.cli.runner.CliConsoleListener.onCommandFinished: Apply configuration COMPLETED
07:59:58.398 [ INFO] maestro.cli.runner.CliConsoleListener.onCommandStart: Assert that id: ${triggerId} is visible RUNNING
07:59:58.752 [ INFO] maestro.cli.runner.CliConsoleListener.onCommandFinished: Assert that id: ${triggerId} is visible COMPLETED
07:59:58.752 [ INFO] maestro.cli.runner.CliConsoleListener.onCommandStart: Tap on id: ${triggerId} RUNNING
07:59:59.048 [ INFO] maestro.Maestro.tap-HgV9Ck0: Tapping on element:  UiElement(treeNode=TreeNode(attributes={text=, accessibilityText=Confirm UPC, hintText=, ignoreBoundsFiltering=false, resource-id=confirm-upc-button, clickable=true, bounds=[56,832][1024,955], enabled=true, focused=false, checked=false, scrollable=false, selected=false, class=android.widget.Button, important-for-accessibility=true, error=}, children=[TreeNode(attributes={text=, accessibilityText=, hintText=, ignoreBoundsFiltering=false, resource-id=, clickable=false, bounds=[355,868][406,919], enabled=true, focused=false, checked=false, scrollable=false, selected=false, class=com.horcrux.svg.SvgView, important-for-accessibility=false, error=}, children=[TreeNode(attributes={text=, accessibilityText=, hintText=, ignoreBoundsFiltering=false, resource-id=, clickable=false, bounds=[361,874][400,913], enabled=true, focused=false, checked=false, scrollable=false, selected=false, class=com.horcrux.svg.GroupView, important-for-accessibility=false, error=}, children=[TreeNode(attributes={text=, accessibilityText=, hintText=, ignoreBoundsFiltering=false, resource-id=, clickable=false, bounds=[361,874][370,883], enabled=true, focused=false, checked=false, scrollable=false, selected=false, class=com.horcrux.svg.PathView, important-for-accessibility=false, error=}, children=[], clickable=false, enabled=true, focused=false, checked=false, selected=false), TreeNode(attributes={text=, accessibilityText=, hintText=, ignoreBoundsFiltering=false, resource-id=, clickable=false, bounds=[391,874][400,883], enabled=true, focused=false, checked=false, scrollable=false, selected=false, class=com.horcrux.svg.PathView, important-for-accessibility=false, error=}, children=[], clickable=false, enabled=true, focused=false, checked=false, selected=false), TreeNode(attributes={text=, accessibilityText=, hintText=, ignoreBoundsFiltering=false, resource-id=, clickable=false, bounds=[361,904][370,913], enabled=true, focused=false, checked=false, scrollable=false, selected=false, class=com.horcrux.svg.PathView, important-for-accessibility=false, error=}, children=[], clickable=false, enabled=true, focused=false, checked=false, selected=false), TreeNode(attributes={text=, accessibilityText=, hintText=, ignoreBoundsFiltering=false, resource-id=, clickable=false, bounds=[391,904][400,913], enabled=true, focused=false, checked=false, scrollable=false, selected=false, class=com.horcrux.svg.PathView, important-for-accessibility=false, error=}, children=[], clickable=false, enabled=true, focused=false, checked=false, selected=false)], clickable=false, enabled=true, focused=false, checked=false, selected=false)], clickable=false, enabled=true, focused=false, checked=false, selected=false), TreeNode(attributes={text=Confirm UPC, accessibilityText=, hintText=, ignoreBoundsFiltering=false, resource-id=, clickable=false, bounds=[428,864][725,923], enabled=true, focused=false, checked=false, scrollable=false, selected=false, class=android.widget.TextView, important-for-accessibility=true, error=}, children=[], clickable=false, enabled=true, focused=false, checked=false, selected=false)], clickable=true, enabled=true, focused=false, checked=false, selected=false), bounds=Bounds(x=56, y=832, width=968, height=123))
08:00:01.606 [ INFO] maestro.Maestro.tap-HgV9Ck0: Tap aimed via settled hierarchy
08:00:01.609 [ INFO] maestro.Maestro.hierarchyBasedTap-ogj28Uc: Tapping at (540, 893) using hierarchy based logic for wait
08:00:04.411 [ INFO] maestro.Maestro.hierarchyBasedTap-ogj28Uc: Something has changed in the UI judging by view hierarchy. Proceed.
08:00:04.414 [ INFO] maestro.cli.runner.CliConsoleListener.onCommandFinished: Tap on id: ${triggerId} COMPLETED
08:00:04.414 [ INFO] maestro.cli.runner.CliConsoleListener.onCommandStart: Assert that id: scanner-manual-entry-button is visible RUNNING
08:00:04.534 [ INFO] maestro.cli.runner.CliConsoleListener.onCommandFinished: Assert that id: scanner-manual-entry-button is visible COMPLETED
08:00:04.534 [ INFO] maestro.cli.runner.CliConsoleListener.onCommandStart: Tap on id: scanner-manual-entry-button RUNNING
08:00:04.659 [ INFO] maestro.Maestro.tap-HgV9Ck0: Tapping on element:  UiElement(treeNode=TreeNode(attributes={text=, accessibilityText=MANUAL ENTRY (TEST), hintText=, ignoreBoundsFiltering=false, resource-id=scanner-manual-entry-button, clickable=true, bounds=[228,1798][852,1936], enabled=true, focused=false, checked=false, scrollable=false, selected=false, class=android.view.ViewGroup, important-for-accessibility=true, error=}, children=[TreeNode(attributes={text=MANUAL ENTRY (TEST), accessibilityText=, hintText=, ignoreBoundsFiltering=false, resource-id=, clickable=false, bounds=[301,1837][779,1896], enabled=true, focused=false, checked=false, scrollable=false, selected=false, class=android.widget.TextView, important-for-accessibility=true, error=}, children=[], clickable=false, enabled=true, focused=false, checked=false, selected=false)], clickable=true, enabled=true, focused=false, checked=false, selected=false), bounds=Bounds(x=228, y=1798, width=624, height=138))
08:00:06.533 [ INFO] maestro.Maestro.tap-HgV9Ck0: Tap aimed via settled hierarchy
08:00:06.537 [ INFO] maestro.Maestro.hierarchyBasedTap-ogj28Uc: Tapping at (540, 1867) using hierarchy based logic for wait
08:00:07.831 [ INFO] maestro.Maestro.hierarchyBasedTap-ogj28Uc: Something has changed in the UI judging by view hierarchy. Proceed.
08:00:07.831 [ INFO] maestro.cli.runner.CliConsoleListener.onCommandFinished: Tap on id: scanner-manual-entry-button COMPLETED
08:00:07.832 [ INFO] maestro.cli.runner.CliConsoleListener.onCommandStart: Assert that id: scanner-manual-input is visible RUNNING
08:00:07.976 [ INFO] maestro.cli.runner.CliConsoleListener.onCommandFinished: Assert that id: scanner-manual-input is visible COMPLETED
08:00:07.976 [ INFO] maestro.cli.runner.CliConsoleListener.onCommandStart: Tap on id: scanner-manual-input RUNNING
08:00:08.113 [ INFO] maestro.Maestro.tap-HgV9Ck0: Tapping on element:  UiElement(treeNode=TreeNode(attributes={text=, accessibilityText=, hintText=Type barcode or QR code value..., ignoreBoundsFiltering=false, resource-id=scanner-manual-input, clickable=true, bounds=[124,1090][956,1264], enabled=true, focused=true, checked=false, scrollable=false, selected=false, class=android.widget.EditText, important-for-accessibility=true, error=}, children=[], clickable=true, enabled=true, focused=true, checked=false, selected=false), bounds=Bounds(x=124, y=1090, width=832, height=174))
08:00:10.454 [ INFO] maestro.Maestro.tap-HgV9Ck0: Tap aimed via settled hierarchy
08:00:10.456 [ INFO] maestro.Maestro.hierarchyBasedTap-ogj28Uc: Tapping at (540, 1177) using hierarchy based logic for wait
08:00:12.005 [ INFO] maestro.Maestro.hierarchyBasedTap-ogj28Uc: Something has changed in the UI judging by view hierarchy. Proceed.
08:00:12.006 [ INFO] maestro.cli.runner.CliConsoleListener.onCommandFinished: Tap on id: scanner-manual-input COMPLETED
08:00:12.006 [ INFO] maestro.cli.runner.CliConsoleListener.onCommandStart: Input text ${value} RUNNING
08:00:12.017 [ INFO] maestro.Maestro.inputText: Inputting text: 111222333001
08:00:15.727 [ INFO] maestro.cli.runner.CliConsoleListener.onCommandFinished: Input text ${value} COMPLETED
08:00:15.729 [ INFO] maestro.cli.runner.CliConsoleListener.onCommandStart: Tap on id: scanner-manual-submit RUNNING
08:00:16.110 [ INFO] maestro.Maestro.tap-HgV9Ck0: Tapping on element:  UiElement(treeNode=TreeNode(attributes={text=, accessibilityText=Submit, hintText=, ignoreBoundsFiltering=false, resource-id=scanner-manual-submit, clickable=true, bounds=[560,884][956,1035], enabled=true, focused=false, checked=false, scrollable=false, selected=false, class=android.view.ViewGroup, important-for-accessibility=true, error=}, children=[TreeNode(attributes={text=Submit, accessibilityText=, hintText=, ignoreBoundsFiltering=false, resource-id=, clickable=false, bounds=[678,923][838,990], enabled=true, focused=false, checked=false, scrollable=false, selected=false, class=android.widget.TextView, important-for-accessibility=true, error=}, children=[], clickable=false, enabled=true, focused=false, checked=false, selected=false)], clickable=true, enabled=true, focused=false, checked=false, selected=false), bounds=Bounds(x=560, y=884, width=396, height=151))
08:00:17.839 [ INFO] maestro.Maestro.tap-HgV9Ck0: Tap aimed via settled hierarchy
08:00:17.843 [ INFO] maestro.Maestro.hierarchyBasedTap-ogj28Uc: Tapping at (758, 959) using hierarchy based logic for wait
08:00:21.191 [ INFO] maestro.Maestro.hierarchyBasedTap-ogj28Uc: Something has changed in the UI judging by view hierarchy. Proceed.
08:00:21.192 [ INFO] maestro.cli.runner.CliConsoleListener.onCommandFinished: Tap on id: scanner-manual-submit COMPLETED
08:00:21.192 [ INFO] maestro.cli.runner.CliConsoleListener.onCommandStart: Wait for animation to end RUNNING
08:00:21.194 [ INFO] maestro.Maestro.waitForAnimationToEnd$lambda$53: Waiting for animation to end with timeout 15000
08:00:21.194 [TRACE] maestro.utils.ScreenshotUtils.takeScreenshot: Taking screenshot to byte array
08:00:21.194 [TRACE] maestro.utils.ScreenshotUtils.takeScreenshot: Taking screenshot to output sink
08:00:21.492 [TRACE] maestro.utils.ScreenshotUtils.takeScreenshot: Taking screenshot to byte array
08:00:21.492 [TRACE] maestro.utils.ScreenshotUtils.takeScreenshot: Taking screenshot to output sink
08:00:21.934 [ INFO] maestro.cli.runner.CliConsoleListener.onCommandFinished: Wait for animation to end COMPLETED
08:00:21.934 [ INFO] maestro.cli.runner.CliConsoleListener.onCommandStart: Take screenshot after-scan-${value} RUNNING
08:00:21.943 [ INFO] maestro.Maestro.takeScreenshot: Taking screenshot
08:00:21.944 [TRACE] maestro.utils.ScreenshotUtils.takeScreenshot: Taking screenshot to output sink
08:00:22.175 [ INFO] maestro.cli.runner.CliConsoleListener.onCommandFinished: Take screenshot after-scan-${value} COMPLETED
08:00:22.176 [ INFO] maestro.cli.runner.CliConsoleListener.onCommandFinished: Confirm UPC 111222333001 COMPLETED
08:00:22.178 [ INFO] maestro.cli.runner.CliConsoleListener.onCommandStart: Scrolling DOWN until id: pick-units-input is visible with speed 40, visibility percentage 100%, timeout 10000 ms, with centering disabled RUNNING
08:00:22.517 [ INFO] maestro.orchestra.Orchestra.scrollUntilVisible: Scrolling try count: 0, DeviceWidth: 1080, DeviceWidth: 2408
08:00:22.517 [ INFO] maestro.orchestra.Orchestra.scrollUntilVisible: Element bounds: Bounds(x=557, y=1696, width=419, height=159)
08:00:22.520 [ INFO] maestro.orchestra.Orchestra.scrollUntilVisible: Visibility Percent: 1.0
08:00:22.537 [ INFO] maestro.orchestra.Orchestra.scrollUntilVisible: Command centerElement: ScrollUntilVisibleCommand(selector=ElementSelector(textRegex=null, idRegex=pick-units-input, size=null, below=null, above=null, leftOf=null, rightOf=null, containsChild=null, containsDescendants=null, traits=null, index=null, enabled=null, optional=false, selected=null, checked=null, focused=null, childOf=null, css=null), direction=DOWN, scrollDuration=601, visibilityPercentage=100, timeout=10000, waitToSettleTimeoutMs=null, centerElement=false, originalSpeedValue=40, label=null, optional=false).centerElement
08:00:22.538 [ INFO] maestro.orchestra.Orchestra.scrollUntilVisible: visibilityPercentageNormalized: 1.0
08:00:22.538 [ INFO] maestro.cli.runner.CliConsoleListener.onCommandFinished: Scrolling DOWN until id: pick-units-input is visible with speed 40, visibility percentage 100%, timeout 10000 ms, with centering disabled COMPLETED
08:00:22.538 [ INFO] maestro.cli.runner.CliConsoleListener.onCommandStart: Tap on id: pick-units-input RUNNING
08:00:22.856 [ INFO] maestro.Maestro.tap-HgV9Ck0: Tapping on element:  UiElement(treeNode=TreeNode(attributes={text=, accessibilityText=, hintText=0, ignoreBoundsFiltering=false, resource-id=pick-units-input, clickable=true, bounds=[557,1696][976,1855], enabled=true, focused=false, checked=false, scrollable=false, selected=false, class=android.widget.EditText, important-for-accessibility=true, error=}, children=[], clickable=true, enabled=true, focused=false, checked=false, selected=false), bounds=Bounds(x=557, y=1696, width=419, height=159))
08:00:24.717 [ INFO] maestro.Maestro.tap-HgV9Ck0: Tap aimed via settled hierarchy
08:00:24.719 [ INFO] maestro.Maestro.hierarchyBasedTap-ogj28Uc: Tapping at (766, 1775) using hierarchy based logic for wait
08:00:26.468 [ INFO] maestro.Maestro.hierarchyBasedTap-ogj28Uc: Something has changed in the UI judging by view hierarchy. Proceed.
08:00:26.471 [ INFO] maestro.cli.runner.CliConsoleListener.onCommandFinished: Tap on id: pick-units-input COMPLETED
08:00:26.472 [ INFO] maestro.cli.runner.CliConsoleListener.onCommandStart: Input text 10 RUNNING
08:00:26.472 [ INFO] maestro.Maestro.inputText: Inputting text: 10
08:00:27.900 [ INFO] maestro.cli.runner.CliConsoleListener.onCommandFinished: Input text 10 COMPLETED
08:00:27.900 [ INFO] maestro.cli.runner.CliConsoleListener.onCommandStart: Hide Keyboard RUNNING
08:00:27.901 [ INFO] maestro.Maestro.hideKeyboard$lambda$12: Hiding Keyboard
08:00:29.477 [ INFO] maestro.cli.runner.CliConsoleListener.onCommandFinished: Hide Keyboard COMPLETED
08:00:29.478 [ INFO] maestro.cli.runner.CliConsoleListener.onCommandStart: Scrolling DOWN until id: confirm-qty-button is visible with speed 40, visibility percentage 100%, timeout 10000 ms, with centering disabled RUNNING
08:00:29.823 [ INFO] maestro.orchestra.Orchestra.scrollUntilVisible: Scrolling try count: 0, DeviceWidth: 1080, DeviceWidth: 2408
08:00:29.823 [ INFO] maestro.orchestra.Orchestra.scrollUntilVisible: Element bounds: Bounds(x=56, y=977, width=968, height=124)
08:00:29.824 [ INFO] maestro.orchestra.Orchestra.scrollUntilVisible: Visibility Percent: 1.0
08:00:29.825 [ INFO] maestro.orchestra.Orchestra.scrollUntilVisible: Command centerElement: ScrollUntilVisibleCommand(selector=ElementSelector(textRegex=null, idRegex=confirm-qty-button, size=null, below=null, above=null, leftOf=null, rightOf=null, containsChild=null, containsDescendants=null, traits=null, index=null, enabled=null, optional=false, selected=null, checked=null, focused=null, childOf=null, css=null), direction=DOWN, scrollDuration=601, visibilityPercentage=100, timeout=10000, waitToSettleTimeoutMs=null, centerElement=false, originalSpeedValue=40, label=null, optional=false).centerElement
08:00:29.825 [ INFO] maestro.orchestra.Orchestra.scrollUntilVisible: visibilityPercentageNormalized: 1.0
08:00:29.825 [ INFO] maestro.cli.runner.CliConsoleListener.onCommandFinished: Scrolling DOWN until id: confirm-qty-button is visible with speed 40, visibility percentage 100%, timeout 10000 ms, with centering disabled COMPLETED
08:00:29.826 [ INFO] maestro.cli.runner.CliConsoleListener.onCommandStart: Tap on id: confirm-qty-button RUNNING
08:00:30.089 [ INFO] maestro.Maestro.tap-HgV9Ck0: Tapping on element:  UiElement(treeNode=TreeNode(attributes={text=, accessibilityText=Confirm Qty, hintText=, ignoreBoundsFiltering=false, resource-id=confirm-qty-button, clickable=true, bounds=[56,977][1024,1101], enabled=true, focused=false, checked=false, scrollable=false, selected=false, class=android.widget.Button, important-for-accessibility=true, error=}, children=[TreeNode(attributes={text=, accessibilityText=, hintText=, ignoreBoundsFiltering=false, resource-id=, clickable=false, bounds=[364,1013][415,1064], enabled=true, focused=false, checked=false, scrollable=false, selected=false, class=com.horcrux.svg.SvgView, important-for-accessibility=false, error=}, children=[TreeNode(attributes={text=, accessibilityText=, hintText=, ignoreBoundsFiltering=false, resource-id=, clickable=false, bounds=[370,1019][409,1058], enabled=true, focused=false, checked=false, scrollable=false, selected=false, class=com.horcrux.svg.GroupView, important-for-accessibility=false, error=}, children=[TreeNode(attributes={text=, accessibilityText=, hintText=, ignoreBoundsFiltering=false, resource-id=, clickable=false, bounds=[370,1019][409,1058], enabled=true, focused=false, checked=false, scrollable=false, selected=false, class=com.horcrux.svg.PathView, important-for-accessibility=false, error=}, children=[], clickable=false, enabled=true, focused=false, checked=false, selected=false)], clickable=false, enabled=true, focused=false, checked=false, selected=false)], clickable=false, enabled=true, focused=false, checked=false, selected=false), TreeNode(attributes={text=Confirm Qty, accessibilityText=, hintText=, ignoreBoundsFiltering=false, resource-id=, clickable=false, bounds=[437,1009][716,1068], enabled=true, focused=false, checked=false, scrollable=false, selected=false, class=android.widget.TextView, important-for-accessibility=true, error=}, children=[], clickable=false, enabled=true, focused=false, checked=false, selected=false)], clickable=true, enabled=true, focused=false, checked=false, selected=false), bounds=Bounds(x=56, y=977, width=968, height=124))
08:00:31.529 [ INFO] maestro.Maestro.tap-HgV9Ck0: Tap aimed via settled hierarchy
08:00:31.531 [ INFO] maestro.Maestro.hierarchyBasedTap-ogj28Uc: Tapping at (540, 1039) using hierarchy based logic for wait
08:00:32.582 [ INFO] maestro.Maestro.hierarchyBasedTap-ogj28Uc: Something has changed in the UI judging by view hierarchy. Proceed.
08:00:32.583 [ INFO] maestro.cli.runner.CliConsoleListener.onCommandFinished: Tap on id: confirm-qty-button COMPLETED
08:00:32.583 [ INFO] maestro.cli.runner.CliConsoleListener.onCommandStart: Assert that "CONFIRM" is visible RUNNING
08:00:32.726 [ INFO] maestro.cli.runner.CliConsoleListener.onCommandFinished: Assert that "CONFIRM" is visible COMPLETED
08:00:32.726 [ INFO] maestro.cli.runner.CliConsoleListener.onCommandStart: Tap on "CONFIRM" RUNNING
08:00:32.868 [ INFO] maestro.Maestro.tap-HgV9Ck0: Tapping on element:  UiElement(treeNode=TreeNode(attributes={text=CONFIRM, accessibilityText=, hintText=, ignoreBoundsFiltering=false, resource-id=android:id/button1, clickable=true, bounds=[716,1262][974,1414], enabled=true, focused=false, checked=false, scrollable=false, selected=false, class=android.widget.Button, important-for-accessibility=true, error=}, children=[], clickable=true, enabled=true, focused=false, checked=false, selected=false), bounds=Bounds(x=716, y=1262, width=258, height=152))
08:00:34.200 [ INFO] maestro.Maestro.tap-HgV9Ck0: Tap aimed via settled hierarchy
08:00:34.202 [ INFO] maestro.Maestro.hierarchyBasedTap-ogj28Uc: Tapping at (845, 1338) using hierarchy based logic for wait
08:00:36.023 [ INFO] maestro.Maestro.hierarchyBasedTap-ogj28Uc: Something has changed in the UI judging by view hierarchy. Proceed.
08:00:36.024 [ INFO] maestro.cli.runner.CliConsoleListener.onCommandFinished: Tap on "CONFIRM" COMPLETED
08:00:36.024 [ INFO] maestro.cli.runner.CliConsoleListener.onCommandStart: Wait for animation to end RUNNING
08:00:36.025 [ INFO] maestro.Maestro.waitForAnimationToEnd$lambda$53: Waiting for animation to end with timeout 15000
08:00:36.025 [TRACE] maestro.utils.ScreenshotUtils.takeScreenshot: Taking screenshot to byte array
08:00:36.025 [TRACE] maestro.utils.ScreenshotUtils.takeScreenshot: Taking screenshot to output sink
08:00:36.284 [TRACE] maestro.utils.ScreenshotUtils.takeScreenshot: Taking screenshot to byte array
08:00:36.284 [TRACE] maestro.utils.ScreenshotUtils.takeScreenshot: Taking screenshot to output sink
08:00:36.720 [ INFO] maestro.cli.runner.CliConsoleListener.onCommandFinished: Wait for animation to end COMPLETED
08:00:36.720 [ INFO] maestro.cli.runner.CliConsoleListener.onCommandStart: Take screenshot qty-confirmed RUNNING
08:00:36.721 [ INFO] maestro.Maestro.takeScreenshot: Taking screenshot
08:00:36.721 [TRACE] maestro.utils.ScreenshotUtils.takeScreenshot: Taking screenshot to output sink
08:00:36.925 [ INFO] maestro.cli.runner.CliConsoleListener.onCommandFinished: Take screenshot qty-confirmed COMPLETED
08:00:36.926 [ INFO] maestro.cli.runner.CliConsoleListener.onCommandStart: Confirm destination pallet TEST-PICK-SHARED-PALLET RUNNING
08:00:36.927 [ INFO] maestro.cli.runner.CliConsoleListener.onCommandStart: Define variables RUNNING
08:00:36.927 [ INFO] maestro.cli.runner.CliConsoleListener.onCommandFinished: Define variables COMPLETED
08:00:36.927 [ INFO] maestro.cli.runner.CliConsoleListener.onCommandStart: Apply configuration RUNNING
08:00:36.928 [ INFO] maestro.cli.runner.CliConsoleListener.onCommandFinished: Apply configuration COMPLETED
08:00:36.928 [ INFO] maestro.cli.runner.CliConsoleListener.onCommandStart: Assert that id: ${triggerId} is visible RUNNING
08:00:37.244 [ INFO] maestro.cli.runner.CliConsoleListener.onCommandFinished: Assert that id: ${triggerId} is visible COMPLETED
08:00:37.244 [ INFO] maestro.cli.runner.CliConsoleListener.onCommandStart: Tap on id: ${triggerId} RUNNING
08:00:37.584 [ INFO] maestro.Maestro.tap-HgV9Ck0: Tapping on element:  UiElement(treeNode=TreeNode(attributes={text=, accessibilityText=Confirm Pallet, hintText=, ignoreBoundsFiltering=false, resource-id=confirm-pallet-button, clickable=true, bounds=[56,1129][1024,1253], enabled=true, focused=false, checked=false, scrollable=false, selected=false, class=android.widget.Button, important-for-accessibility=true, error=}, children=[TreeNode(attributes={text=, accessibilityText=, hintText=, ignoreBoundsFiltering=false, resource-id=, clickable=false, bounds=[342,1165][393,1216], enabled=true, focused=false, checked=false, scrollable=false, selected=false, class=com.horcrux.svg.SvgView, important-for-accessibility=false, error=}, children=[TreeNode(attributes={text=, accessibilityText=, hintText=, ignoreBoundsFiltering=false, resource-id=, clickable=false, bounds=[348,1171][387,1210], enabled=true, focused=false, checked=false, scrollable=false, selected=false, class=com.horcrux.svg.GroupView, important-for-accessibility=false, error=}, children=[TreeNode(attributes={text=, accessibilityText=, hintText=, ignoreBoundsFiltering=false, resource-id=, clickable=false, bounds=[348,1171][357,1180], enabled=true, focused=false, checked=false, scrollable=false, selected=false, class=com.horcrux.svg.PathView, important-for-accessibility=false, error=}, children=[], clickable=false, enabled=true, focused=false, checked=false, selected=false), TreeNode(attributes={text=, accessibilityText=, hintText=, ignoreBoundsFiltering=false, resource-id=, clickable=false, bounds=[378,1171][387,1180], enabled=true, focused=false, checked=false, scrollable=false, selected=false, class=com.horcrux.svg.PathView, important-for-accessibility=false, error=}, children=[], clickable=false, enabled=true, focused=false, checked=false, selected=false), TreeNode(attributes={text=, accessibilityText=, hintText=, ignoreBoundsFiltering=false, resource-id=, clickable=false, bounds=[348,1201][357,1210], enabled=true, focused=false, checked=false, scrollable=false, selected=false, class=com.horcrux.svg.PathView, important-for-accessibility=false, error=}, children=[], clickable=false, enabled=true, focused=false, checked=false, selected=false), TreeNode(attributes={text=, accessibilityText=, hintText=, ignoreBoundsFiltering=false, resource-id=, clickable=false, bounds=[378,1201][387,1210], enabled=true, focused=false, checked=false, scrollable=false, selected=false, class=com.horcrux.svg.PathView, important-for-accessibility=false, error=}, children=[], clickable=false, enabled=true, focused=false, checked=false, selected=false)], clickable=false, enabled=true, focused=false, checked=false, selected=false)], clickable=false, enabled=true, focused=false, checked=false, selected=false), TreeNode(attributes={text=Confirm Pallet, accessibilityText=, hintText=, ignoreBoundsFiltering=false, resource-id=, clickable=false, bounds=[415,1161][738,1220], enabled=true, focused=false, checked=false, scrollable=false, selected=false, class=android.widget.TextView, important-for-accessibility=true, error=}, children=[], clickable=false, enabled=true, focused=false, checked=false, selected=false)], clickable=true, enabled=true, focused=false, checked=false, selected=false), bounds=Bounds(x=56, y=1129, width=968, height=124))
08:00:40.752 [ INFO] maestro.Maestro.tap-HgV9Ck0: Tap aimed via settled hierarchy
08:00:40.755 [ INFO] maestro.Maestro.hierarchyBasedTap-ogj28Uc: Tapping at (540, 1191) using hierarchy based logic for wait
08:00:43.565 [ INFO] maestro.Maestro.hierarchyBasedTap-ogj28Uc: Something has changed in the UI judging by view hierarchy. Proceed.
08:00:43.566 [ INFO] maestro.cli.runner.CliConsoleListener.onCommandFinished: Tap on id: ${triggerId} COMPLETED
08:00:43.566 [ INFO] maestro.cli.runner.CliConsoleListener.onCommandStart: Assert that id: scanner-manual-entry-button is visible RUNNING
08:00:43.685 [ INFO] maestro.cli.runner.CliConsoleListener.onCommandFinished: Assert that id: scanner-manual-entry-button is visible COMPLETED
08:00:43.685 [ INFO] maestro.cli.runner.CliConsoleListener.onCommandStart: Tap on id: scanner-manual-entry-button RUNNING
08:00:43.809 [ INFO] maestro.Maestro.tap-HgV9Ck0: Tapping on element:  UiElement(treeNode=TreeNode(attributes={text=, accessibilityText=MANUAL ENTRY (TEST), hintText=, ignoreBoundsFiltering=false, resource-id=scanner-manual-entry-button, clickable=true, bounds=[228,1798][852,1936], enabled=true, focused=false, checked=false, scrollable=false, selected=false, class=android.view.ViewGroup, important-for-accessibility=true, error=}, children=[TreeNode(attributes={text=MANUAL ENTRY (TEST), accessibilityText=, hintText=, ignoreBoundsFiltering=false, resource-id=, clickable=false, bounds=[301,1837][779,1896], enabled=true, focused=false, checked=false, scrollable=false, selected=false, class=android.widget.TextView, important-for-accessibility=true, error=}, children=[], clickable=false, enabled=true, focused=false, checked=false, selected=false)], clickable=true, enabled=true, focused=false, checked=false, selected=false), bounds=Bounds(x=228, y=1798, width=624, height=138))
08:00:45.686 [ INFO] maestro.Maestro.tap-HgV9Ck0: Tap aimed via settled hierarchy
08:00:45.688 [ INFO] maestro.Maestro.hierarchyBasedTap-ogj28Uc: Tapping at (540, 1867) using hierarchy based logic for wait
08:00:47.015 [ INFO] maestro.Maestro.hierarchyBasedTap-ogj28Uc: Something has changed in the UI judging by view hierarchy. Proceed.
08:00:47.016 [ INFO] maestro.cli.runner.CliConsoleListener.onCommandFinished: Tap on id: scanner-manual-entry-button COMPLETED
08:00:47.016 [ INFO] maestro.cli.runner.CliConsoleListener.onCommandStart: Assert that id: scanner-manual-input is visible RUNNING
08:00:47.146 [ INFO] maestro.cli.runner.CliConsoleListener.onCommandFinished: Assert that id: scanner-manual-input is visible COMPLETED
08:00:47.146 [ INFO] maestro.cli.runner.CliConsoleListener.onCommandStart: Tap on id: scanner-manual-input RUNNING
08:00:47.282 [ INFO] maestro.Maestro.tap-HgV9Ck0: Tapping on element:  UiElement(treeNode=TreeNode(attributes={text=, accessibilityText=, hintText=Type barcode or QR code value..., ignoreBoundsFiltering=false, resource-id=scanner-manual-input, clickable=true, bounds=[124,1090][956,1264], enabled=true, focused=true, checked=false, scrollable=false, selected=false, class=android.widget.EditText, important-for-accessibility=true, error=}, children=[], clickable=true, enabled=true, focused=true, checked=false, selected=false), bounds=Bounds(x=124, y=1090, width=832, height=174))
08:00:48.546 [ INFO] maestro.Maestro.tap-HgV9Ck0: Tap aimed via settled hierarchy
08:00:48.548 [ INFO] maestro.Maestro.hierarchyBasedTap-ogj28Uc: Tapping at (540, 1177) using hierarchy based logic for wait
08:00:50.317 [ INFO] maestro.Maestro.hierarchyBasedTap-ogj28Uc: Something has changed in the UI judging by view hierarchy. Proceed.
08:00:50.318 [ INFO] maestro.cli.runner.CliConsoleListener.onCommandFinished: Tap on id: scanner-manual-input COMPLETED
08:00:50.318 [ INFO] maestro.cli.runner.CliConsoleListener.onCommandStart: Input text ${value} RUNNING
08:00:50.328 [ INFO] maestro.Maestro.inputText: Inputting text: TEST-PICK-SHARED-PALLET
08:00:56.464 [ INFO] maestro.cli.runner.CliConsoleListener.onCommandFinished: Input text ${value} COMPLETED
08:00:56.465 [ INFO] maestro.cli.runner.CliConsoleListener.onCommandStart: Tap on id: scanner-manual-submit RUNNING
08:00:56.927 [ INFO] maestro.Maestro.tap-HgV9Ck0: Tapping on element:  UiElement(treeNode=TreeNode(attributes={text=, accessibilityText=Submit, hintText=, ignoreBoundsFiltering=false, resource-id=scanner-manual-submit, clickable=true, bounds=[560,884][956,1035], enabled=true, focused=false, checked=false, scrollable=false, selected=false, class=android.view.ViewGroup, important-for-accessibility=true, error=}, children=[TreeNode(attributes={text=Submit, accessibilityText=, hintText=, ignoreBoundsFiltering=false, resource-id=, clickable=false, bounds=[678,923][838,990], enabled=true, focused=false, checked=false, scrollable=false, selected=false, class=android.widget.TextView, important-for-accessibility=true, error=}, children=[], clickable=false, enabled=true, focused=false, checked=false, selected=false)], clickable=true, enabled=true, focused=false, checked=false, selected=false), bounds=Bounds(x=560, y=884, width=396, height=151))
08:00:58.444 [ INFO] maestro.Maestro.tap-HgV9Ck0: Tap aimed via settled hierarchy
08:00:58.448 [ INFO] maestro.Maestro.hierarchyBasedTap-ogj28Uc: Tapping at (758, 959) using hierarchy based logic for wait
08:01:02.088 [ INFO] maestro.Maestro.hierarchyBasedTap-ogj28Uc: Something has changed in the UI judging by view hierarchy. Proceed.
08:01:02.091 [ INFO] maestro.cli.runner.CliConsoleListener.onCommandFinished: Tap on id: scanner-manual-submit COMPLETED
08:01:02.091 [ INFO] maestro.cli.runner.CliConsoleListener.onCommandStart: Wait for animation to end RUNNING
08:01:02.092 [ INFO] maestro.Maestro.waitForAnimationToEnd$lambda$53: Waiting for animation to end with timeout 15000
08:01:02.092 [TRACE] maestro.utils.ScreenshotUtils.takeScreenshot: Taking screenshot to byte array
08:01:02.092 [TRACE] maestro.utils.ScreenshotUtils.takeScreenshot: Taking screenshot to output sink
08:01:02.333 [TRACE] maestro.utils.ScreenshotUtils.takeScreenshot: Taking screenshot to byte array
08:01:02.333 [TRACE] maestro.utils.ScreenshotUtils.takeScreenshot: Taking screenshot to output sink
08:01:02.800 [ INFO] maestro.cli.runner.CliConsoleListener.onCommandFinished: Wait for animation to end COMPLETED
08:01:02.800 [ INFO] maestro.cli.runner.CliConsoleListener.onCommandStart: Take screenshot after-scan-${value} RUNNING
08:01:02.806 [ INFO] maestro.Maestro.takeScreenshot: Taking screenshot
08:01:02.806 [TRACE] maestro.utils.ScreenshotUtils.takeScreenshot: Taking screenshot to output sink
08:01:03.023 [ INFO] maestro.cli.runner.CliConsoleListener.onCommandFinished: Take screenshot after-scan-${value} COMPLETED
08:01:03.024 [ INFO] maestro.cli.runner.CliConsoleListener.onCommandFinished: Confirm destination pallet TEST-PICK-SHARED-PALLET COMPLETED
08:01:03.024 [ INFO] maestro.cli.runner.CliConsoleListener.onCommandStart: Assert that "Complete Work Order" is visible RUNNING
08:01:03.171 [ INFO] maestro.cli.runner.CliConsoleListener.onCommandFinished: Assert that "Complete Work Order" is visible COMPLETED
08:01:03.171 [ INFO] maestro.cli.runner.CliConsoleListener.onCommandStart: Take screenshot work-order-ready RUNNING
08:01:03.173 [ INFO] maestro.Maestro.takeScreenshot: Taking screenshot
08:01:03.173 [TRACE] maestro.utils.ScreenshotUtils.takeScreenshot: Taking screenshot to output sink
08:01:03.369 [ INFO] maestro.cli.runner.CliConsoleListener.onCommandFinished: Take screenshot work-order-ready COMPLETED
08:01:03.370 [ INFO] maestro.cli.runner.CliConsoleListener.onCommandStart: Complete work order RUNNING
08:01:03.566 [ INFO] maestro.Maestro.tap-HgV9Ck0: Tapping on element:  UiElement(treeNode=TreeNode(attributes={text=Complete Work Order, accessibilityText=, hintText=, ignoreBoundsFiltering=false, resource-id=, clickable=false, bounds=[292,1236][787,1295], enabled=true, focused=false, checked=false, scrollable=false, selected=false, class=android.widget.TextView, important-for-accessibility=true, error=}, children=[], clickable=false, enabled=true, focused=false, checked=false, selected=false), bounds=Bounds(x=292, y=1236, width=495, height=59))
08:01:05.574 [ INFO] maestro.Maestro.tap-HgV9Ck0: Tap aimed via settled hierarchy
08:01:05.575 [ INFO] maestro.Maestro.hierarchyBasedTap-ogj28Uc: Tapping at (539, 1265) using hierarchy based logic for wait
08:01:07.027 [ INFO] maestro.Maestro.hierarchyBasedTap-ogj28Uc: Something has changed in the UI judging by view hierarchy. Proceed.
08:01:07.027 [ INFO] maestro.cli.runner.CliConsoleListener.onCommandFinished: Complete work order COMPLETED
08:01:07.028 [ INFO] maestro.cli.runner.CliConsoleListener.onCommandStart: Assert that "COMPLETE" is visible RUNNING
08:01:07.159 [ INFO] maestro.cli.runner.CliConsoleListener.onCommandFinished: Assert that "COMPLETE" is visible COMPLETED
08:01:07.159 [ INFO] maestro.cli.runner.CliConsoleListener.onCommandStart: Tap on "COMPLETE" RUNNING
08:01:07.750 [ INFO] maestro.Maestro.tap-HgV9Ck0: Tapping on element:  UiElement(treeNode=TreeNode(attributes={text=COMPLETE, accessibilityText=, hintText=, ignoreBoundsFiltering=false, resource-id=android:id/button1, clickable=true, bounds=[681,1239][974,1391], enabled=true, focused=false, checked=false, scrollable=false, selected=false, class=android.widget.Button, important-for-accessibility=true, error=}, children=[], clickable=true, enabled=true, focused=false, checked=false, selected=false), bounds=Bounds(x=681, y=1239, width=293, height=152))
08:01:09.036 [ INFO] maestro.Maestro.tap-HgV9Ck0: Tap aimed via settled hierarchy
08:01:09.038 [ INFO] maestro.Maestro.hierarchyBasedTap-ogj28Uc: Tapping at (827, 1315) using hierarchy based logic for wait
08:01:10.368 [ INFO] maestro.Maestro.hierarchyBasedTap-ogj28Uc: Something has changed in the UI judging by view hierarchy. Proceed.
08:01:10.369 [ INFO] maestro.cli.runner.CliConsoleListener.onCommandFinished: Tap on "COMPLETE" COMPLETED
08:01:10.370 [ INFO] maestro.cli.runner.CliConsoleListener.onCommandStart: Assert that "Work order case completed successfully!" is visible RUNNING
08:01:10.464 [ INFO] maestro.cli.runner.CliConsoleListener.onCommandFinished: Assert that "Work order case completed successfully!" is visible COMPLETED
08:01:10.464 [ INFO] maestro.cli.runner.CliConsoleListener.onCommandStart: Take screenshot final-state RUNNING
08:01:10.472 [ INFO] maestro.Maestro.takeScreenshot: Taking screenshot
08:01:10.473 [TRACE] maestro.utils.ScreenshotUtils.takeScreenshot: Taking screenshot to output sink
08:01:10.662 [ INFO] maestro.cli.runner.CliConsoleListener.onCommandFinished: Take screenshot final-state COMPLETED
08:01:10.666 [ INFO] maestro.cli.runner.CliConsoleListener.onCommandStart: Assert that id: confirm-location-button is not visible RUNNING
08:01:11.350 [ INFO] maestro.cli.runner.CliConsoleListener.onCommandFinished: Assert that id: confirm-location-button is not visible COMPLETED
