10:00:07.836 [ INFO] maestro.cli.runner.CliConsoleListener.onCommandStart: Define variables RUNNING
10:00:07.842 [ INFO] maestro.cli.runner.CliConsoleListener.onCommandFinished: Define variables COMPLETED
10:00:07.842 [ INFO] maestro.cli.runner.CliConsoleListener.onCommandStart: Apply configuration RUNNING
10:00:07.843 [ INFO] maestro.cli.runner.CliConsoleListener.onCommandFinished: Apply configuration COMPLETED
10:00:07.843 [ INFO] maestro.cli.runner.CliConsoleListener.onCommandStart: Launch app "com.flowmobile" with clear state (launch arguments: {MAESTRO_TEST_MODE=true, MAESTRO_API_URL=http://192.168.0.138:8000}) RUNNING
10:00:07.844 [ INFO] maestro.Maestro.clearAppState$lambda$8: Clearing app state com.flowmobile
10:00:17.653 [DEBUG] maestro.Maestro.setPermissionInternal: Failed to set permission android.hardware.usb.UsbAccessory for app com.flowmobile: shell command failed (exit -1): 
Exception occurred while executing 'grant':
java.lang.IllegalArgumentException: Unknown permission android.hardware.usb.UsbAccessory
	at com.android.server.permission.access.permission.PermissionService.access$setRuntimePermissionGranted(qb/97281722 7c90224ff0d416aeb6cb4424c691e44226b4b42fba9bad6a8d455ec1073db6ed:47)
	at com.android.server.permission.access.permission.PermissionService.setRuntimePermissionGranted$default(qb/97281722 7c90224ff0d416aeb6cb4424c691e44226b4b42fba9bad6a8d455ec1073db6ed:293)
	at com.android.server.permission.access.permission.PermissionService.grantRuntimePermission(qb/97281722 7c90224ff0d416aeb6cb4424c691e44226b4b42fba9bad6a8d455ec1073db6ed:11)
	at com.android.server.pm.permission.PermissionManagerService.grantRuntimePermission(qb/97281722 7c90224ff0d416aeb6cb4424c691e44226b4b42fba9bad6a8d455ec1073db6ed:3)
	at android.permission.PermissionManager.grantRuntimePermissionInternal(PermissionManager.java:681)
	at android.permission.PermissionManager.grantRuntimePermission(PermissionManager.java:644)
	at com.android.server.pm.PackageManagerShellCommand.runGrantRevokePermission(qb/97281722 7c90224ff0d416aeb6cb4424c691e44226b4b42fba9bad6a8d455ec1073db6ed:258)
	at com.android.server.pm.PackageManagerShellCommand.onCommand(qb/97281722 7c90224ff0d416aeb6cb4424c691e44226b4b42fba9bad6a8d455ec1073db6ed:1700)
	at com.android.modules.utils.BasicShellCommandHandler.exec(BasicShellCommandHandler.java:97)
	at android.os.ShellCommand.exec(ShellCommand.java:38)
	at com.android.server.pm.PackageManagerService$IPackageManagerImpl.onShellCommand(qb/97281722 7c90224ff0d416aeb6cb4424c691e44226b4b42fba9bad6a8d455ec1073db6ed:23)
	at android.os.Binder.shellCommand(Binder.java:1266)
	at android.os.Binder.onTransact(Binder.java:1069)
	at android.content.pm.IPackageManager$Stub.onTransact(IPackageManager.java:5172)
	at com.android.server.pm.PackageManagerService$IPackageManagerImpl.onTransact(qb/97281722 7c90224ff0d416aeb6cb4424c691e44226b4b42fba9bad6a8d455ec1073db6ed:1)
	at android.os.Binder.execTransactInternal(Binder.java:1541)
	at android.os.Binder.execTransact(Binder.java:1480)

10:00:17.859 [ INFO] maestro.Maestro.launchApp$lambda$5: Launching app com.flowmobile
10:00:17.859 [ INFO] maestro.Maestro.launchApp$lambda$5: Stopping com.flowmobile app during launch
10:00:18.065 [ INFO] maestro.cli.runner.CliConsoleListener.onCommandFinished: Launch app "com.flowmobile" with clear state (launch arguments: {MAESTRO_TEST_MODE=true, MAESTRO_API_URL=http://192.168.0.138:8000}) COMPLETED
10:00:18.065 [ INFO] maestro.cli.runner.CliConsoleListener.onCommandStart: Take screenshot start RUNNING
10:00:18.072 [ INFO] maestro.Maestro.takeScreenshot: Taking screenshot
10:00:18.075 [TRACE] maestro.utils.ScreenshotUtils.takeScreenshot: Taking screenshot to output sink
10:00:18.464 [ INFO] maestro.cli.runner.CliConsoleListener.onCommandFinished: Take screenshot start COMPLETED
10:00:18.464 [ INFO] maestro.cli.runner.CliConsoleListener.onCommandStart: Run flows/shared-login.yaml RUNNING
10:00:18.471 [ INFO] maestro.cli.runner.CliConsoleListener.onCommandStart: Define variables RUNNING
10:00:18.472 [ INFO] maestro.cli.runner.CliConsoleListener.onCommandFinished: Define variables COMPLETED
10:00:18.473 [ INFO] maestro.cli.runner.CliConsoleListener.onCommandStart: Apply configuration RUNNING
10:00:18.473 [ INFO] maestro.cli.runner.CliConsoleListener.onCommandFinished: Apply configuration COMPLETED
10:00:18.474 [ INFO] maestro.cli.runner.CliConsoleListener.onCommandStart: Tap on (Optional) "Later" RUNNING
10:00:25.220 [ INFO] maestro.orchestra.Orchestra.executeSubflowCommands: [Command execution subflow] CommandWarned: Element not found: Text matching regex: Later
10:00:25.532 [ INFO] maestro.Maestro.takeScreenshot: Taking screenshot
10:00:25.532 [TRACE] maestro.utils.ScreenshotUtils.takeScreenshot: Taking screenshot to output sink
10:00:25.715 [ INFO] maestro.cli.runner.CliConsoleListener.onCommandFinished: Tap on (Optional) "Later" WARNED
10:00:25.716 [ INFO] maestro.cli.runner.CliConsoleListener.onCommandStart: Assert that id: login-username-input is visible RUNNING
10:00:26.835 [ INFO] maestro.cli.runner.CliConsoleListener.onCommandFinished: Assert that id: login-username-input is visible COMPLETED
10:00:26.836 [ INFO] maestro.cli.runner.CliConsoleListener.onCommandStart: Take screenshot login-screen RUNNING
10:00:26.838 [ INFO] maestro.Maestro.takeScreenshot: Taking screenshot
10:00:26.838 [TRACE] maestro.utils.ScreenshotUtils.takeScreenshot: Taking screenshot to output sink
10:00:27.027 [ INFO] maestro.cli.runner.CliConsoleListener.onCommandFinished: Take screenshot login-screen COMPLETED
10:00:27.028 [ INFO] maestro.cli.runner.CliConsoleListener.onCommandStart: Tap on id: login-username-input RUNNING
10:00:27.853 [ INFO] maestro.Maestro.tap-HgV9Ck0: Tapping on element:  UiElement(treeNode=TreeNode(attributes={text=, accessibilityText=, hintText=Enter your username, ignoreBoundsFiltering=false, resource-id=login-username-input, clickable=true, bounds=[110,889][970,1034], enabled=true, focused=false, checked=false, scrollable=false, selected=false, class=android.widget.EditText, important-for-accessibility=true, error=}, children=[], clickable=true, enabled=true, focused=false, checked=false, selected=false), bounds=Bounds(x=110, y=889, width=860, height=145))
10:00:29.563 [ INFO] maestro.Maestro.tap-HgV9Ck0: Tap aimed via settled hierarchy
10:00:29.581 [ INFO] maestro.Maestro.hierarchyBasedTap-ogj28Uc: Tapping at (540, 961) using hierarchy based logic for wait
10:00:31.409 [ INFO] maestro.Maestro.hierarchyBasedTap-ogj28Uc: Something has changed in the UI judging by view hierarchy. Proceed.
10:00:31.413 [ INFO] maestro.cli.runner.CliConsoleListener.onCommandFinished: Tap on id: login-username-input COMPLETED
10:00:31.416 [ INFO] maestro.cli.runner.CliConsoleListener.onCommandStart: Input text ${TEST_USERNAME}¬ RUNNING
10:00:32.584 [ INFO] maestro.Maestro.inputText: Inputting text: neato-tester-local¬
10:00:35.273 [ INFO] maestro.cli.runner.CliConsoleListener.onCommandFinished: Input text ${TEST_USERNAME}¬ COMPLETED
10:00:35.275 [ INFO] maestro.cli.runner.CliConsoleListener.onCommandStart: Erase 1 characters RUNNING
10:00:35.280 [ INFO] maestro.Maestro.eraseText$lambda$52: Erasing 1 characters
10:00:37.676 [ INFO] maestro.cli.runner.CliConsoleListener.onCommandFinished: Erase 1 characters COMPLETED
10:00:37.678 [ INFO] maestro.cli.runner.CliConsoleListener.onCommandStart: Tap on id: login-password-input RUNNING
10:00:38.048 [ INFO] maestro.Maestro.tap-HgV9Ck0: Tapping on element:  UiElement(treeNode=TreeNode(attributes={text=, accessibilityText=, hintText=Enter your password, ignoreBoundsFiltering=false, resource-id=login-password-input, clickable=true, bounds=[110,797][897,943], enabled=true, focused=false, checked=false, scrollable=false, selected=false, class=android.widget.EditText, important-for-accessibility=true, error=}, children=[], clickable=true, enabled=true, focused=false, checked=false, selected=false), bounds=Bounds(x=110, y=797, width=787, height=146))
10:00:39.612 [ INFO] maestro.Maestro.tap-HgV9Ck0: Tap aimed via settled hierarchy
10:00:39.618 [ INFO] maestro.Maestro.hierarchyBasedTap-ogj28Uc: Tapping at (503, 870) using hierarchy based logic for wait
10:00:41.217 [ INFO] maestro.Maestro.hierarchyBasedTap-ogj28Uc: Something has changed in the UI judging by view hierarchy. Proceed.
10:00:41.217 [ INFO] maestro.cli.runner.CliConsoleListener.onCommandFinished: Tap on id: login-password-input COMPLETED
10:00:41.218 [ INFO] maestro.cli.runner.CliConsoleListener.onCommandStart: Input text ${TEST_PASSWORD}¬ RUNNING
10:00:41.239 [ INFO] maestro.Maestro.inputText: Inputting text: Test1234!¬
10:00:44.145 [ INFO] maestro.cli.runner.CliConsoleListener.onCommandFinished: Input text ${TEST_PASSWORD}¬ COMPLETED
10:00:44.146 [ INFO] maestro.cli.runner.CliConsoleListener.onCommandStart: Erase 1 characters RUNNING
10:00:44.147 [ INFO] maestro.Maestro.eraseText$lambda$52: Erasing 1 characters
10:00:45.410 [ INFO] maestro.cli.runner.CliConsoleListener.onCommandFinished: Erase 1 characters COMPLETED
10:00:45.410 [ INFO] maestro.cli.runner.CliConsoleListener.onCommandStart: Hide Keyboard RUNNING
10:00:45.415 [ INFO] maestro.Maestro.hideKeyboard$lambda$12: Hiding Keyboard
10:00:46.936 [ INFO] maestro.cli.runner.CliConsoleListener.onCommandFinished: Hide Keyboard COMPLETED
10:00:46.937 [ INFO] maestro.cli.runner.CliConsoleListener.onCommandStart: Tap on id: login-submit-button RUNNING
10:00:47.125 [ INFO] maestro.Maestro.tap-HgV9Ck0: Tapping on element:  UiElement(treeNode=TreeNode(attributes={text=, accessibilityText=Log in, hintText=, ignoreBoundsFiltering=false, resource-id=login-submit-button, clickable=true, bounds=[68,1366][1013,1512], enabled=true, focused=false, checked=false, scrollable=false, selected=false, class=android.widget.Button, important-for-accessibility=true, error=}, children=[TreeNode(attributes={text=Log in, accessibilityText=, hintText=, ignoreBoundsFiltering=false, resource-id=, clickable=false, bounds=[468,1408][614,1470], enabled=true, focused=false, checked=false, scrollable=false, selected=false, class=android.widget.TextView, important-for-accessibility=true, error=}, children=[], clickable=false, enabled=true, focused=false, checked=false, selected=false)], clickable=true, enabled=true, focused=false, checked=false, selected=false), bounds=Bounds(x=68, y=1366, width=945, height=146))
10:00:49.407 [ INFO] maestro.Maestro.tap-HgV9Ck0: Tap aimed via settled hierarchy
10:00:49.410 [ INFO] maestro.Maestro.hierarchyBasedTap-ogj28Uc: Tapping at (540, 1439) using hierarchy based logic for wait
10:00:50.999 [ INFO] maestro.Maestro.hierarchyBasedTap-ogj28Uc: Something has changed in the UI judging by view hierarchy. Proceed.
10:00:51.000 [ INFO] maestro.cli.runner.CliConsoleListener.onCommandFinished: Tap on id: login-submit-button COMPLETED
10:00:51.000 [ INFO] maestro.cli.runner.CliConsoleListener.onCommandStart: Assert that id: dashboard-operations-button is visible RUNNING
10:00:51.886 [ INFO] maestro.cli.runner.CliConsoleListener.onCommandFinished: Assert that id: dashboard-operations-button is visible COMPLETED
10:00:51.887 [ INFO] maestro.cli.runner.CliConsoleListener.onCommandStart: Assert that id: dashboard-operations-button is visible RUNNING
10:00:52.025 [ INFO] maestro.cli.runner.CliConsoleListener.onCommandFinished: Assert that id: dashboard-operations-button is visible COMPLETED
10:00:52.026 [ INFO] maestro.cli.runner.CliConsoleListener.onCommandStart: Take screenshot dashboard RUNNING
10:00:52.029 [ INFO] maestro.Maestro.takeScreenshot: Taking screenshot
10:00:52.030 [TRACE] maestro.utils.ScreenshotUtils.takeScreenshot: Taking screenshot to output sink
10:00:52.225 [ INFO] maestro.cli.runner.CliConsoleListener.onCommandFinished: Take screenshot dashboard COMPLETED
10:00:52.226 [ INFO] maestro.cli.runner.CliConsoleListener.onCommandFinished: Run flows/shared-login.yaml COMPLETED
10:00:52.226 [ INFO] maestro.cli.runner.CliConsoleListener.onCommandStart: Run flows/navigate-to-operation.yaml RUNNING
10:00:52.227 [ INFO] maestro.cli.runner.CliConsoleListener.onCommandStart: Define variables RUNNING
10:00:52.227 [ INFO] maestro.cli.runner.CliConsoleListener.onCommandFinished: Define variables COMPLETED
10:00:52.227 [ INFO] maestro.cli.runner.CliConsoleListener.onCommandStart: Apply configuration RUNNING
10:00:52.228 [ INFO] maestro.cli.runner.CliConsoleListener.onCommandFinished: Apply configuration COMPLETED
10:00:52.228 [ INFO] maestro.cli.runner.CliConsoleListener.onCommandStart: Assert that "DASHBOARD" is visible RUNNING
10:00:52.544 [ INFO] maestro.cli.runner.CliConsoleListener.onCommandFinished: Assert that "DASHBOARD" is visible COMPLETED
10:00:52.544 [ INFO] maestro.cli.runner.CliConsoleListener.onCommandStart: Tap on id: dashboard-operations-button RUNNING
10:00:53.083 [ INFO] maestro.Maestro.tap-HgV9Ck0: Tapping on element:  UiElement(treeNode=TreeNode(attributes={text=, accessibilityText=Operations, Packing, receiving, QC, picking, outbound, hintText=, ignoreBoundsFiltering=false, resource-id=dashboard-operations-button, clickable=true, bounds=[56,540][1024,813], enabled=true, focused=false, checked=false, scrollable=false, selected=false, class=android.view.ViewGroup, important-for-accessibility=true, error=}, children=[TreeNode(attributes={text=, accessibilityText=, hintText=, ignoreBoundsFiltering=false, resource-id=, clickable=false, bounds=[98,615][222,739], enabled=true, focused=false, checked=false, scrollable=false, selected=false, class=android.view.ViewGroup, important-for-accessibility=false, error=}, children=[TreeNode(attributes={text=, accessibilityText=, hintText=, ignoreBoundsFiltering=false, resource-id=, clickable=false, bounds=[132,649][188,705], enabled=true, focused=false, checked=false, scrollable=false, selected=false, class=com.horcrux.svg.SvgView, important-for-accessibility=false, error=}, children=[TreeNode(attributes={text=, accessibilityText=, hintText=, ignoreBoundsFiltering=false, resource-id=, clickable=false, bounds=[135,653][184,701], enabled=true, focused=false, checked=false, scrollable=false, selected=false, class=com.horcrux.svg.GroupView, important-for-accessibility=false, error=}, children=[TreeNode(attributes={text=, accessibilityText=, hintText=, ignoreBoundsFiltering=false, resource-id=, clickable=false, bounds=[135,653][184,678], enabled=true, focused=false, checked=false, scrollable=false, selected=false, class=com.horcrux.svg.PathView, important-for-accessibility=false, error=}, children=[], clickable=false, enabled=true, focused=false, checked=false, selected=false), TreeNode(attributes={text=, accessibilityText=, hintText=, ignoreBoundsFiltering=false, resource-id=, clickable=false, bounds=[136,676][183,689], enabled=true, focused=false, checked=false, scrollable=false, selected=false, class=com.horcrux.svg.PathView, important-for-accessibility=false, error=}, children=[], clickable=false, enabled=true, focused=false, checked=false, selected=false), TreeNode(attributes={text=, accessibilityText=, hintText=, ignoreBoundsFiltering=false, resource-id=, clickable=false, bounds=[136,688][183,701], enabled=true, focused=false, checked=false, scrollable=false, selected=false, class=com.horcrux.svg.PathView, important-for-accessibility=false, error=}, children=[], clickable=false, enabled=true, focused=false, checked=false, selected=false)], clickable=false, enabled=true, focused=false, checked=false, selected=false)], clickable=false, enabled=true, focused=false, checked=false, selected=false)], clickable=false, enabled=true, focused=false, checked=false, selected=false), TreeNode(attributes={text=Operations, accessibilityText=, hintText=, ignoreBoundsFiltering=false, resource-id=, clickable=false, bounds=[261,582][930,655], enabled=true, focused=false, checked=false, scrollable=false, selected=false, class=android.widget.TextView, important-for-accessibility=true, error=}, children=[], clickable=false, enabled=true, focused=false, checked=false, selected=false), TreeNode(attributes={text=Packing, receiving, QC, picking, outbound, accessibilityText=, hintText=, ignoreBoundsFiltering=false, resource-id=, clickable=false, bounds=[261,661][930,771], enabled=true, focused=false, checked=false, scrollable=false, selected=false, class=android.widget.TextView, important-for-accessibility=true, error=}, children=[], clickable=false, enabled=true, focused=false, checked=false, selected=false), TreeNode(attributes={text=, accessibilityText=, hintText=, ignoreBoundsFiltering=false, resource-id=, clickable=false, bounds=[931,651][982,702], enabled=true, focused=false, checked=false, scrollable=false, selected=false, class=com.horcrux.svg.SvgView, important-for-accessibility=false, error=}, children=[TreeNode(attributes={text=, accessibilityText=, hintText=, ignoreBoundsFiltering=false, resource-id=, clickable=false, bounds=[950,663][963,689], enabled=true, focused=false, checked=false, scrollable=false, selected=false, class=com.horcrux.svg.GroupView, important-for-accessibility=false, error=}, children=[TreeNode(attributes={text=, accessibilityText=, hintText=, ignoreBoundsFiltering=false, resource-id=, clickable=false, bounds=[950,663][963,689], enabled=true, focused=false, checked=false, scrollable=false, selected=false, class=com.horcrux.svg.PathView, important-for-accessibility=false, error=}, children=[], clickable=false, enabled=true, focused=false, checked=false, selected=false)], clickable=false, enabled=true, focused=false, checked=false, selected=false)], clickable=false, enabled=true, focused=false, checked=false, selected=false)], clickable=true, enabled=true, focused=false, checked=false, selected=false), bounds=Bounds(x=56, y=540, width=968, height=273))
10:00:54.572 [ INFO] maestro.Maestro.tap-HgV9Ck0: Tap aimed via settled hierarchy
10:00:54.574 [ INFO] maestro.Maestro.hierarchyBasedTap-ogj28Uc: Tapping at (540, 676) using hierarchy based logic for wait
10:00:56.167 [ INFO] maestro.Maestro.hierarchyBasedTap-ogj28Uc: Something has changed in the UI judging by view hierarchy. Proceed.
10:00:56.171 [ INFO] maestro.cli.runner.CliConsoleListener.onCommandFinished: Tap on id: dashboard-operations-button COMPLETED
10:00:56.173 [ INFO] maestro.cli.runner.CliConsoleListener.onCommandStart: Assert that "OPERATIONS" is visible RUNNING
10:00:56.473 [ INFO] maestro.cli.runner.CliConsoleListener.onCommandFinished: Assert that "OPERATIONS" is visible COMPLETED
10:00:56.473 [ INFO] maestro.cli.runner.CliConsoleListener.onCommandStart: Take screenshot operations-landing RUNNING
10:00:56.475 [ INFO] maestro.Maestro.takeScreenshot: Taking screenshot
10:00:56.475 [TRACE] maestro.utils.ScreenshotUtils.takeScreenshot: Taking screenshot to output sink
10:00:56.803 [ INFO] maestro.cli.runner.CliConsoleListener.onCommandFinished: Take screenshot operations-landing COMPLETED
10:00:56.803 [ INFO] maestro.cli.runner.CliConsoleListener.onCommandStart: Scroll vertically RUNNING
10:00:56.814 [ INFO] maestro.Maestro.scrollVertical: Scrolling vertically
10:00:58.235 [ INFO] maestro.cli.runner.CliConsoleListener.onCommandFinished: Scroll vertically COMPLETED
10:00:58.237 [ INFO] maestro.cli.runner.CliConsoleListener.onCommandStart: Tap on id: operations-${operation}-button RUNNING
10:00:58.426 [ INFO] maestro.Maestro.tap-HgV9Ck0: Tapping on element:  UiElement(treeNode=TreeNode(attributes={text=, accessibilityText=Picking, Pick, stage & route to lines, hintText=, ignoreBoundsFiltering=false, resource-id=operations-picking-button, clickable=true, bounds=[56,266][1024,489], enabled=true, focused=false, checked=false, scrollable=false, selected=false, class=android.view.ViewGroup, important-for-accessibility=true, error=}, children=[TreeNode(attributes={text=, accessibilityText=, hintText=, ignoreBoundsFiltering=false, resource-id=, clickable=false, bounds=[98,316][222,439], enabled=true, focused=false, checked=false, scrollable=false, selected=false, class=android.view.ViewGroup, important-for-accessibility=false, error=}, children=[TreeNode(attributes={text=, accessibilityText=, hintText=, ignoreBoundsFiltering=false, resource-id=, clickable=false, bounds=[132,350][188,407], enabled=true, focused=false, checked=false, scrollable=false, selected=false, class=com.horcrux.svg.SvgView, important-for-accessibility=false, error=}, children=[TreeNode(attributes={text=, accessibilityText=, hintText=, ignoreBoundsFiltering=false, resource-id=, clickable=false, bounds=[136,355][183,402], enabled=true, focused=false, checked=false, scrollable=false, selected=false, class=com.horcrux.svg.GroupView, important-for-accessibility=false, error=}, children=[TreeNode(attributes={text=, accessibilityText=, hintText=, ignoreBoundsFiltering=false, resource-id=, clickable=false, bounds=[136,355][183,388], enabled=true, focused=false, checked=false, scrollable=false, selected=false, class=com.horcrux.svg.PathView, important-for-accessibility=false, error=}, children=[], clickable=false, enabled=true, focused=false, checked=false, selected=false), TreeNode(attributes={text=, accessibilityText=, hintText=, ignoreBoundsFiltering=false, resource-id=, clickable=false, bounds=[148,397][153,402], enabled=true, focused=false, checked=false, scrollable=false, selected=false, class=com.horcrux.svg.CircleView, important-for-accessibility=false, error=}, children=[], clickable=false, enabled=true, focused=false, checked=false, selected=false), TreeNode(attributes={text=, accessibilityText=, hintText=, ignoreBoundsFiltering=false, resource-id=, clickable=false, bounds=[174,397][179,402], enabled=true, focused=false, checked=false, scrollable=false, selected=false, class=com.horcrux.svg.CircleView, important-for-accessibility=false, error=}, children=[], clickable=false, enabled=true, focused=false, checked=false, selected=false)], clickable=false, enabled=true, focused=false, checked=false, selected=false)], clickable=false, enabled=true, focused=false, checked=false, selected=false)], clickable=false, enabled=true, focused=false, checked=false, selected=false), TreeNode(attributes={text=Picking, accessibilityText=, hintText=, ignoreBoundsFiltering=false, resource-id=, clickable=false, bounds=[261,308][930,381], enabled=true, focused=false, checked=false, scrollable=false, selected=false, class=android.widget.TextView, important-for-accessibility=true, error=}, children=[], clickable=false, enabled=true, focused=false, checked=false, selected=false), TreeNode(attributes={text=Pick, stage & route to lines, accessibilityText=, hintText=, ignoreBoundsFiltering=false, resource-id=, clickable=false, bounds=[261,387][930,447], enabled=true, focused=false, checked=false, scrollable=false, selected=false, class=android.widget.TextView, important-for-accessibility=true, error=}, children=[], clickable=false, enabled=true, focused=false, checked=false, selected=false), TreeNode(attributes={text=, accessibilityText=, hintText=, ignoreBoundsFiltering=false, resource-id=, clickable=false, bounds=[931,352][982,403], enabled=true, focused=false, checked=false, scrollable=false, selected=false, class=com.horcrux.svg.SvgView, important-for-accessibility=false, error=}, children=[TreeNode(attributes={text=, accessibilityText=, hintText=, ignoreBoundsFiltering=false, resource-id=, clickable=false, bounds=[950,364][963,390], enabled=true, focused=false, checked=false, scrollable=false, selected=false, class=com.horcrux.svg.GroupView, important-for-accessibility=false, error=}, children=[TreeNode(attributes={text=, accessibilityText=, hintText=, ignoreBoundsFiltering=false, resource-id=, clickable=false, bounds=[950,364][963,390], enabled=true, focused=false, checked=false, scrollable=false, selected=false, class=com.horcrux.svg.PathView, important-for-accessibility=false, error=}, children=[], clickable=false, enabled=true, focused=false, checked=false, selected=false)], clickable=false, enabled=true, focused=false, checked=false, selected=false)], clickable=false, enabled=true, focused=false, checked=false, selected=false)], clickable=true, enabled=true, focused=false, checked=false, selected=false), bounds=Bounds(x=56, y=266, width=968, height=223))
10:00:59.927 [ INFO] maestro.Maestro.tap-HgV9Ck0: Tap aimed via settled hierarchy
10:00:59.929 [ INFO] maestro.Maestro.hierarchyBasedTap-ogj28Uc: Tapping at (540, 377) using hierarchy based logic for wait
10:01:01.784 [ INFO] maestro.Maestro.hierarchyBasedTap-ogj28Uc: Something has changed in the UI judging by view hierarchy. Proceed.
10:01:01.795 [ INFO] maestro.cli.runner.CliConsoleListener.onCommandFinished: Tap on id: operations-${operation}-button COMPLETED
10:01:01.796 [ INFO] maestro.cli.runner.CliConsoleListener.onCommandStart: Wait for animation to end RUNNING
10:01:01.810 [ INFO] maestro.Maestro.waitForAnimationToEnd$lambda$53: Waiting for animation to end with timeout 15000
10:01:01.813 [TRACE] maestro.utils.ScreenshotUtils.takeScreenshot: Taking screenshot to byte array
10:01:01.813 [TRACE] maestro.utils.ScreenshotUtils.takeScreenshot: Taking screenshot to output sink
10:01:02.231 [TRACE] maestro.utils.ScreenshotUtils.takeScreenshot: Taking screenshot to byte array
10:01:02.231 [TRACE] maestro.utils.ScreenshotUtils.takeScreenshot: Taking screenshot to output sink
10:01:02.798 [ INFO] maestro.cli.runner.CliConsoleListener.onCommandFinished: Wait for animation to end COMPLETED
10:01:02.798 [ INFO] maestro.cli.runner.CliConsoleListener.onCommandStart: Take screenshot operation-${operation} RUNNING
10:01:02.812 [ INFO] maestro.Maestro.takeScreenshot: Taking screenshot
10:01:02.813 [TRACE] maestro.utils.ScreenshotUtils.takeScreenshot: Taking screenshot to output sink
10:01:03.125 [ INFO] maestro.cli.runner.CliConsoleListener.onCommandFinished: Take screenshot operation-${operation} COMPLETED
10:01:03.126 [ INFO] maestro.cli.runner.CliConsoleListener.onCommandFinished: Run flows/navigate-to-operation.yaml COMPLETED
10:01:03.126 [ INFO] maestro.cli.runner.CliConsoleListener.onCommandStart: Assert that "Pick Product" is visible RUNNING
10:01:03.412 [ INFO] maestro.cli.runner.CliConsoleListener.onCommandFinished: Assert that "Pick Product" is visible COMPLETED
10:01:03.413 [ INFO] maestro.cli.runner.CliConsoleListener.onCommandStart: Take screenshot picking-landing RUNNING
10:01:03.414 [ INFO] maestro.Maestro.takeScreenshot: Taking screenshot
10:01:03.415 [TRACE] maestro.utils.ScreenshotUtils.takeScreenshot: Taking screenshot to output sink
10:01:03.685 [ INFO] maestro.cli.runner.CliConsoleListener.onCommandFinished: Take screenshot picking-landing COMPLETED
10:01:03.685 [ INFO] maestro.cli.runner.CliConsoleListener.onCommandStart: Tap on "Pick Product" RUNNING
10:01:03.973 [ INFO] maestro.Maestro.tap-HgV9Ck0: Tapping on element:  UiElement(treeNode=TreeNode(attributes={text=Pick Product, accessibilityText=, hintText=, ignoreBoundsFiltering=false, resource-id=, clickable=false, bounds=[261,1145][930,1218], enabled=true, focused=false, checked=false, scrollable=false, selected=false, class=android.widget.TextView, important-for-accessibility=true, error=}, children=[], clickable=false, enabled=true, focused=false, checked=false, selected=false), bounds=Bounds(x=261, y=1145, width=669, height=73))
10:01:05.436 [ INFO] maestro.Maestro.tap-HgV9Ck0: Tap aimed via settled hierarchy
10:01:05.438 [ INFO] maestro.Maestro.hierarchyBasedTap-ogj28Uc: Tapping at (595, 1181) using hierarchy based logic for wait
10:01:06.100 [ INFO] maestro.cli.runner.CliConsoleListener.onCommandFinished: Tap on "Pick Product" COMPLETED
10:01:06.100 [ INFO] maestro.cli.runner.CliConsoleListener.onCommandStart: Assert that "Select Shipment" is visible RUNNING
10:01:08.878 [ INFO] maestro.cli.runner.CliConsoleListener.onCommandFinished: Assert that "Select Shipment" is visible COMPLETED
10:01:08.904 [ INFO] maestro.cli.runner.CliConsoleListener.onCommandStart: Take screenshot select-shipment RUNNING
10:01:08.925 [ INFO] maestro.Maestro.takeScreenshot: Taking screenshot
10:01:08.928 [TRACE] maestro.utils.ScreenshotUtils.takeScreenshot: Taking screenshot to output sink
10:01:09.209 [ INFO] maestro.cli.runner.CliConsoleListener.onCommandFinished: Take screenshot select-shipment COMPLETED
10:01:09.210 [ INFO] maestro.cli.runner.CliConsoleListener.onCommandStart: Tap on id: picking-shipment-search-input RUNNING
10:01:09.370 [ INFO] maestro.Maestro.tap-HgV9Ck0: Tapping on element:  UiElement(treeNode=TreeNode(attributes={text=, accessibilityText=, hintText=Search shipments..., ignoreBoundsFiltering=false, resource-id=picking-shipment-search-input, clickable=true, bounds=[98,855][982,1001], enabled=true, focused=false, checked=false, scrollable=false, selected=false, class=android.widget.EditText, important-for-accessibility=true, error=}, children=[], clickable=true, enabled=true, focused=false, checked=false, selected=false), bounds=Bounds(x=98, y=855, width=884, height=146))
10:01:11.769 [ INFO] maestro.Maestro.tap-HgV9Ck0: Tap aimed via settled hierarchy
10:01:11.772 [ INFO] maestro.Maestro.hierarchyBasedTap-ogj28Uc: Tapping at (540, 928) using hierarchy based logic for wait
10:01:13.587 [ INFO] maestro.Maestro.hierarchyBasedTap-ogj28Uc: Something has changed in the UI judging by view hierarchy. Proceed.
10:01:13.588 [ INFO] maestro.cli.runner.CliConsoleListener.onCommandFinished: Tap on id: picking-shipment-search-input COMPLETED
10:01:13.589 [ INFO] maestro.cli.runner.CliConsoleListener.onCommandStart: Input text TEST-PICK-P1¬ RUNNING
10:01:13.591 [ INFO] maestro.Maestro.inputText: Inputting text: TEST-PICK-P1¬
10:01:16.363 [ INFO] maestro.cli.runner.CliConsoleListener.onCommandFinished: Input text TEST-PICK-P1¬ COMPLETED
10:01:16.366 [ INFO] maestro.cli.runner.CliConsoleListener.onCommandStart: Erase 1 characters RUNNING
10:01:16.368 [ INFO] maestro.Maestro.eraseText$lambda$52: Erasing 1 characters
10:01:17.862 [ INFO] maestro.cli.runner.CliConsoleListener.onCommandFinished: Erase 1 characters COMPLETED
10:01:17.870 [ INFO] maestro.cli.runner.CliConsoleListener.onCommandStart: Hide Keyboard RUNNING
10:01:17.872 [ INFO] maestro.Maestro.hideKeyboard$lambda$12: Hiding Keyboard
10:01:19.568 [ INFO] maestro.cli.runner.CliConsoleListener.onCommandFinished: Hide Keyboard COMPLETED
10:01:19.571 [ INFO] maestro.cli.runner.CliConsoleListener.onCommandStart: Assert that id: picking-shipment-row-TEST-PICK-P1 is visible RUNNING
10:01:19.790 [ INFO] maestro.cli.runner.CliConsoleListener.onCommandFinished: Assert that id: picking-shipment-row-TEST-PICK-P1 is visible COMPLETED
10:01:19.794 [ INFO] maestro.cli.runner.CliConsoleListener.onCommandStart: Select shipment TEST-PICK-P1 RUNNING
10:01:20.015 [ INFO] maestro.Maestro.tap-HgV9Ck0: Tapping on element:  UiElement(treeNode=TreeNode(attributes={text=, accessibilityText=TEST-PICK-P1 — 2 dests, Created: Aug 28, 2026, WORKING, hintText=, ignoreBoundsFiltering=false, resource-id=picking-shipment-row-TEST-PICK-P1, clickable=true, bounds=[59,1051][1021,1265], enabled=true, focused=false, checked=false, scrollable=false, selected=false, class=android.view.ViewGroup, important-for-accessibility=true, error=}, children=[TreeNode(attributes={text=TEST-PICK-P1 — 2 dests, accessibilityText=, hintText=, ignoreBoundsFiltering=false, resource-id=, clickable=false, bounds=[104,1090][680,1159], enabled=true, focused=false, checked=false, scrollable=false, selected=false, class=android.widget.TextView, important-for-accessibility=true, error=}, children=[], clickable=false, enabled=true, focused=false, checked=false, selected=false), TreeNode(attributes={text=Created: Aug 28, 2026, accessibilityText=, hintText=, ignoreBoundsFiltering=false, resource-id=, clickable=false, bounds=[104,1165][680,1225], enabled=true, focused=false, checked=false, scrollable=false, selected=false, class=android.widget.TextView, important-for-accessibility=true, error=}, children=[], clickable=false, enabled=true, focused=false, checked=false, selected=false), TreeNode(attributes={text=, accessibilityText=, hintText=, ignoreBoundsFiltering=false, resource-id=, clickable=false, bounds=[713,1121][976,1195], enabled=true, focused=false, checked=false, scrollable=false, selected=false, class=android.view.ViewGroup, important-for-accessibility=false, error=}, children=[TreeNode(attributes={text=, accessibilityText=, hintText=, ignoreBoundsFiltering=false, resource-id=, clickable=false, bounds=[738,1149][755,1165], enabled=true, focused=false, checked=false, scrollable=false, selected=false, class=android.view.ViewGroup, important-for-accessibility=false, error=}, children=[], clickable=false, enabled=true, focused=false, checked=false, selected=false), TreeNode(attributes={text=WORKING, accessibilityText=, hintText=, ignoreBoundsFiltering=false, resource-id=, clickable=false, bounds=[769,1132][950,1183], enabled=true, focused=false, checked=false, scrollable=false, selected=false, class=android.widget.TextView, important-for-accessibility=true, error=}, children=[], clickable=false, enabled=true, focused=false, checked=false, selected=false)], clickable=false, enabled=true, focused=false, checked=false, selected=false)], clickable=true, enabled=true, focused=false, checked=false, selected=false), bounds=Bounds(x=59, y=1051, width=962, height=214))
10:01:21.433 [ INFO] maestro.Maestro.tap-HgV9Ck0: Tap aimed via settled hierarchy
10:01:21.436 [ INFO] maestro.Maestro.hierarchyBasedTap-ogj28Uc: Tapping at (540, 1158) using hierarchy based logic for wait
10:01:22.954 [ INFO] maestro.Maestro.hierarchyBasedTap-ogj28Uc: Something has changed in the UI judging by view hierarchy. Proceed.
10:01:22.956 [ INFO] maestro.cli.runner.CliConsoleListener.onCommandFinished: Select shipment TEST-PICK-P1 COMPLETED
10:01:22.957 [ INFO] maestro.cli.runner.CliConsoleListener.onCommandStart: Assert that "Select Destination" is visible RUNNING
10:01:23.143 [ INFO] maestro.cli.runner.CliConsoleListener.onCommandFinished: Assert that "Select Destination" is visible COMPLETED
10:01:23.144 [ INFO] maestro.cli.runner.CliConsoleListener.onCommandStart: Take screenshot select-destination RUNNING
10:01:23.146 [ INFO] maestro.Maestro.takeScreenshot: Taking screenshot
10:01:23.147 [TRACE] maestro.utils.ScreenshotUtils.takeScreenshot: Taking screenshot to output sink
10:01:23.418 [ INFO] maestro.cli.runner.CliConsoleListener.onCommandFinished: Take screenshot select-destination COMPLETED
10:01:23.418 [ INFO] maestro.cli.runner.CliConsoleListener.onCommandStart: Assert that id: picking-destination-row-TEST-PICK-P1-Dest-B is visible RUNNING
10:01:23.673 [ INFO] maestro.cli.runner.CliConsoleListener.onCommandFinished: Assert that id: picking-destination-row-TEST-PICK-P1-Dest-B is visible COMPLETED
10:01:23.673 [ INFO] maestro.cli.runner.CliConsoleListener.onCommandStart: Select destination Dest B RUNNING
10:01:23.874 [ INFO] maestro.Maestro.tap-HgV9Ck0: Tapping on element:  UiElement(treeNode=TreeNode(attributes={text=, accessibilityText=TEST-PICK-P1 — Dest B, hintText=, ignoreBoundsFiltering=false, resource-id=picking-destination-row-TEST-PICK-P1-Dest-B, clickable=true, bounds=[59,1057][1021,1214], enabled=true, focused=false, checked=false, scrollable=false, selected=false, class=android.view.ViewGroup, important-for-accessibility=true, error=}, children=[TreeNode(attributes={text=TEST-PICK-P1 — Dest B, accessibilityText=, hintText=, ignoreBoundsFiltering=false, resource-id=, clickable=false, bounds=[104,1101][976,1170], enabled=true, focused=false, checked=false, scrollable=false, selected=false, class=android.widget.TextView, important-for-accessibility=true, error=}, children=[], clickable=false, enabled=true, focused=false, checked=false, selected=false)], clickable=true, enabled=true, focused=false, checked=false, selected=false), bounds=Bounds(x=59, y=1057, width=962, height=157))
10:01:25.697 [ INFO] maestro.Maestro.tap-HgV9Ck0: Tap aimed via settled hierarchy
10:01:25.701 [ INFO] maestro.Maestro.hierarchyBasedTap-ogj28Uc: Tapping at (540, 1135) using hierarchy based logic for wait
10:01:27.213 [ INFO] maestro.Maestro.hierarchyBasedTap-ogj28Uc: Something has changed in the UI judging by view hierarchy. Proceed.
10:01:27.214 [ INFO] maestro.cli.runner.CliConsoleListener.onCommandFinished: Select destination Dest B COMPLETED
10:01:27.214 [ INFO] maestro.cli.runner.CliConsoleListener.onCommandStart: Assert that "Select Line" is visible RUNNING
10:01:27.446 [ INFO] maestro.cli.runner.CliConsoleListener.onCommandFinished: Assert that "Select Line" is visible COMPLETED
10:01:27.446 [ INFO] maestro.cli.runner.CliConsoleListener.onCommandStart: Take screenshot select-line RUNNING
10:01:27.450 [ INFO] maestro.Maestro.takeScreenshot: Taking screenshot
10:01:27.451 [TRACE] maestro.utils.ScreenshotUtils.takeScreenshot: Taking screenshot to output sink
10:01:27.726 [ INFO] maestro.cli.runner.CliConsoleListener.onCommandFinished: Take screenshot select-line COMPLETED
10:01:27.727 [ INFO] maestro.cli.runner.CliConsoleListener.onCommandStart: Tap on "Production Line 1" RUNNING
10:01:28.008 [ INFO] maestro.Maestro.tap-HgV9Ck0: Tapping on element:  UiElement(treeNode=TreeNode(attributes={text=Production Line 1, accessibilityText=, hintText=, ignoreBoundsFiltering=false, resource-id=, clickable=false, bounds=[329,1557][976,1639], enabled=true, focused=false, checked=false, scrollable=false, selected=false, class=android.widget.TextView, important-for-accessibility=true, error=}, children=[], clickable=false, enabled=true, focused=false, checked=false, selected=false), bounds=Bounds(x=329, y=1557, width=647, height=82))
10:01:29.850 [ INFO] maestro.Maestro.tap-HgV9Ck0: Tap aimed via settled hierarchy
10:01:29.852 [ INFO] maestro.Maestro.hierarchyBasedTap-ogj28Uc: Tapping at (652, 1598) using hierarchy based logic for wait
10:01:31.937 [ INFO] maestro.Maestro.hierarchyBasedTap-ogj28Uc: Something has changed in the UI judging by view hierarchy. Proceed.
10:01:31.939 [ INFO] maestro.cli.runner.CliConsoleListener.onCommandFinished: Tap on "Production Line 1" COMPLETED
10:01:31.939 [ INFO] maestro.cli.runner.CliConsoleListener.onCommandStart: Assert that "Pick by Line" is visible RUNNING
10:01:32.175 [ INFO] maestro.cli.runner.CliConsoleListener.onCommandFinished: Assert that "Pick by Line" is visible COMPLETED
10:01:32.175 [ INFO] maestro.cli.runner.CliConsoleListener.onCommandStart: Take screenshot select-work-order RUNNING
10:01:32.177 [ INFO] maestro.Maestro.takeScreenshot: Taking screenshot
10:01:32.177 [TRACE] maestro.utils.ScreenshotUtils.takeScreenshot: Taking screenshot to output sink
10:01:32.516 [ INFO] maestro.cli.runner.CliConsoleListener.onCommandFinished: Take screenshot select-work-order COMPLETED
10:01:32.517 [ INFO] maestro.cli.runner.CliConsoleListener.onCommandStart: Assert that id: picking-wo-row-Demo-Pallet-WO-1 is visible RUNNING
10:01:32.846 [ INFO] maestro.cli.runner.CliConsoleListener.onCommandFinished: Assert that id: picking-wo-row-Demo-Pallet-WO-1 is visible COMPLETED
10:01:32.847 [ INFO] maestro.cli.runner.CliConsoleListener.onCommandStart: Select work order Demo Pallet WO-1 RUNNING
10:01:33.074 [ INFO] maestro.Maestro.tap-HgV9Ck0: Tapping on element:  UiElement(treeNode=TreeNode(attributes={text=, accessibilityText=Demo Pallet — WO-1, PICKING, DEMO-PALL-WO-1-MSKU — WO-2165, Cases: 0 / 10, hintText=, ignoreBoundsFiltering=false, resource-id=picking-wo-row-Demo-Pallet-WO-1, clickable=true, bounds=[59,1111][1021,1445], enabled=true, focused=false, checked=false, scrollable=false, selected=false, class=android.view.ViewGroup, important-for-accessibility=true, error=}, children=[TreeNode(attributes={text=Demo Pallet — WO-1, accessibilityText=, hintText=, ignoreBoundsFiltering=false, resource-id=, clickable=false, bounds=[104,1145][717,1214], enabled=true, focused=false, checked=false, scrollable=false, selected=false, class=android.widget.TextView, important-for-accessibility=true, error=}, children=[], clickable=false, enabled=true, focused=false, checked=false, selected=false), TreeNode(attributes={text=, accessibilityText=, hintText=, ignoreBoundsFiltering=false, resource-id=, clickable=false, bounds=[739,1145][976,1218], enabled=true, focused=false, checked=false, scrollable=false, selected=false, class=android.view.ViewGroup, important-for-accessibility=false, error=}, children=[TreeNode(attributes={text=, accessibilityText=, hintText=, ignoreBoundsFiltering=false, resource-id=, clickable=false, bounds=[764,1173][781,1190], enabled=true, focused=false, checked=false, scrollable=false, selected=false, class=android.view.ViewGroup, important-for-accessibility=false, error=}, children=[], clickable=false, enabled=true, focused=false, checked=false, selected=false), TreeNode(attributes={text=PICKING, accessibilityText=, hintText=, ignoreBoundsFiltering=false, resource-id=, clickable=false, bounds=[795,1156][950,1207], enabled=true, focused=false, checked=false, scrollable=false, selected=false, class=android.widget.TextView, important-for-accessibility=true, error=}, children=[], clickable=false, enabled=true, focused=false, checked=false, selected=false)], clickable=false, enabled=true, focused=false, checked=false, selected=false), TreeNode(attributes={text=DEMO-PALL-WO-1-MSKU — WO-2165, accessibilityText=, hintText=, ignoreBoundsFiltering=false, resource-id=, clickable=false, bounds=[104,1230][976,1290], enabled=true, focused=false, checked=false, scrollable=false, selected=false, class=android.widget.TextView, important-for-accessibility=true, error=}, children=[], clickable=false, enabled=true, focused=false, checked=false, selected=false), TreeNode(attributes={text=Cases: 0 / 10, accessibilityText=, hintText=, ignoreBoundsFiltering=false, resource-id=, clickable=false, bounds=[104,1312][976,1372], enabled=true, focused=false, checked=false, scrollable=false, selected=false, class=android.widget.TextView, important-for-accessibility=true, error=}, children=[], clickable=false, enabled=true, focused=false, checked=false, selected=false), TreeNode(attributes={text=, accessibilityText=, hintText=, ignoreBoundsFiltering=false, resource-id=, clickable=false, bounds=[104,1395][976,1412], enabled=true, focused=false, checked=false, scrollable=false, selected=false, class=android.view.ViewGroup, important-for-accessibility=false, error=}, children=[], clickable=false, enabled=true, focused=false, checked=false, selected=false)], clickable=true, enabled=true, focused=false, checked=false, selected=false), bounds=Bounds(x=59, y=1111, width=962, height=334))
10:01:34.483 [ INFO] maestro.Maestro.tap-HgV9Ck0: Tap aimed via settled hierarchy
10:01:34.485 [ INFO] maestro.Maestro.hierarchyBasedTap-ogj28Uc: Tapping at (540, 1278) using hierarchy based logic for wait
10:01:35.786 [ INFO] maestro.Maestro.hierarchyBasedTap-ogj28Uc: Something has changed in the UI judging by view hierarchy. Proceed.
10:01:35.787 [ INFO] maestro.cli.runner.CliConsoleListener.onCommandFinished: Select work order Demo Pallet WO-1 COMPLETED
10:01:35.787 [ INFO] maestro.cli.runner.CliConsoleListener.onCommandStart: Assert that id: pick-component-card-DEMO-PALL-WO-1-WSKU is visible RUNNING
10:01:36.259 [ INFO] maestro.cli.runner.CliConsoleListener.onCommandFinished: Assert that id: pick-component-card-DEMO-PALL-WO-1-WSKU is visible COMPLETED
10:01:36.259 [ INFO] maestro.cli.runner.CliConsoleListener.onCommandStart: Take screenshot work-order-details RUNNING
10:01:36.262 [ INFO] maestro.Maestro.takeScreenshot: Taking screenshot
10:01:36.262 [TRACE] maestro.utils.ScreenshotUtils.takeScreenshot: Taking screenshot to output sink
10:01:36.613 [ INFO] maestro.cli.runner.CliConsoleListener.onCommandFinished: Take screenshot work-order-details COMPLETED
10:01:36.614 [ INFO] maestro.cli.runner.CliConsoleListener.onCommandStart: Open component DEMO-PALL-WO-1-WSKU RUNNING
10:01:37.392 [ INFO] maestro.Maestro.tap-HgV9Ck0: Tapping on element:  UiElement(treeNode=TreeNode(attributes={text=, accessibilityText=DEMO-PALL-WO-1-WSKU, 0/10, Demo Pallet WSKU — WO-1, Location:, A-01-01-01, 10 units, Pallet:, NONE, hintText=, ignoreBoundsFiltering=false, resource-id=pick-component-card-DEMO-PALL-WO-1-WSKU, clickable=true, bounds=[56,1598][1024,2108], enabled=true, focused=false, checked=false, scrollable=false, selected=false, class=android.view.ViewGroup, important-for-accessibility=true, error=}, children=[TreeNode(attributes={text=DEMO-PALL-WO-1-WSKU, accessibilityText=, hintText=, ignoreBoundsFiltering=false, resource-id=, clickable=false, bounds=[100,1642][669,1775], enabled=true, focused=false, checked=false, scrollable=false, selected=false, class=android.widget.TextView, important-for-accessibility=true, error=}, children=[], clickable=false, enabled=true, focused=false, checked=false, selected=false), TreeNode(attributes={text=, accessibilityText=, hintText=, ignoreBoundsFiltering=false, resource-id=, clickable=false, bounds=[697,1642][856,1716], enabled=true, focused=false, checked=false, scrollable=false, selected=false, class=android.view.ViewGroup, important-for-accessibility=false, error=}, children=[TreeNode(attributes={text=, accessibilityText=, hintText=, ignoreBoundsFiltering=false, resource-id=, clickable=false, bounds=[722,1670][739,1686], enabled=true, focused=false, checked=false, scrollable=false, selected=false, class=android.view.ViewGroup, important-for-accessibility=false, error=}, children=[], clickable=false, enabled=true, focused=false, checked=false, selected=false), TreeNode(attributes={text=0/10, accessibilityText=, hintText=, ignoreBoundsFiltering=false, resource-id=, clickable=false, bounds=[753,1653][831,1704], enabled=true, focused=false, checked=false, scrollable=false, selected=false, class=android.widget.TextView, important-for-accessibility=true, error=}, children=[], clickable=false, enabled=true, focused=false, checked=false, selected=false)], clickable=false, enabled=true, focused=false, checked=false, selected=false), TreeNode(attributes={text=, accessibilityText=Line actions, hintText=, ignoreBoundsFiltering=false, resource-id=, clickable=true, bounds=[868,1652][980,1765], enabled=true, focused=false, checked=false, scrollable=false, selected=false, class=android.view.ViewGroup, important-for-accessibility=true, error=}, children=[TreeNode(attributes={text=, accessibilityText=, hintText=, ignoreBoundsFiltering=false, resource-id=, clickable=false, bounds=[899,1683][949,1734], enabled=true, focused=false, checked=false, scrollable=false, selected=false, class=com.horcrux.svg.SvgView, important-for-accessibility=false, error=}, children=[TreeNode(attributes={text=, accessibilityText=, hintText=, ignoreBoundsFiltering=false, resource-id=, clickable=false, bounds=[921,1691][926,1725], enabled=true, focused=false, checked=false, scrollable=false, selected=false, class=com.horcrux.svg.GroupView, important-for-accessibility=false, error=}, children=[TreeNode(attributes={text=, accessibilityText=, hintText=, ignoreBoundsFiltering=false, resource-id=, clickable=false, bounds=[921,1691][926,1696], enabled=true, focused=false, checked=false, scrollable=false, selected=false, class=com.horcrux.svg.CircleView, important-for-accessibility=false, error=}, children=[], clickable=false, enabled=true, focused=false, checked=false, selected=false), TreeNode(attributes={text=, accessibilityText=, hintText=, ignoreBoundsFiltering=false, resource-id=, clickable=false, bounds=[921,1706][926,1711], enabled=true, focused=false, checked=false, scrollable=false, selected=false, class=com.horcrux.svg.CircleView, important-for-accessibility=false, error=}, children=[], clickable=false, enabled=true, focused=false, checked=false, selected=false), TreeNode(attributes={text=, accessibilityText=, hintText=, ignoreBoundsFiltering=false, resource-id=, clickable=false, bounds=[921,1721][926,1726], enabled=true, focused=false, checked=false, scrollable=false, selected=false, class=com.horcrux.svg.CircleView, important-for-accessibility=false, error=}, children=[], clickable=false, enabled=true, focused=false, checked=false, selected=false)], clickable=false, enabled=true, focused=false, checked=false, selected=false)], clickable=false, enabled=true, focused=false, checked=false, selected=false)], clickable=true, enabled=true, focused=false, checked=false, selected=false), TreeNode(attributes={text=Demo Pallet WSKU — WO-1, accessibilityText=, hintText=, ignoreBoundsFiltering=false, resource-id=, clickable=false, bounds=[100,1791][980,1847], enabled=true, focused=false, checked=false, scrollable=false, selected=false, class=android.widget.TextView, important-for-accessibility=true, error=}, children=[], clickable=false, enabled=true, focused=false, checked=false, selected=false), TreeNode(attributes={text=, accessibilityText=, hintText=, ignoreBoundsFiltering=false, resource-id=, clickable=false, bounds=[100,1876][980,1981], enabled=true, focused=false, checked=false, scrollable=false, selected=false, class=android.view.ViewGroup, important-for-accessibility=false, error=}, children=[TreeNode(attributes={text=Location:, accessibilityText=, hintText=, ignoreBoundsFiltering=false, resource-id=, clickable=false, bounds=[137,1901][307,1957], enabled=true, focused=false, checked=false, scrollable=false, selected=false, class=android.widget.TextView, important-for-accessibility=true, error=}, children=[], clickable=false, enabled=true, focused=false, checked=false, selected=false), TreeNode(attributes={text=A-01-01-01, accessibilityText=, hintText=, ignoreBoundsFiltering=false, resource-id=, clickable=false, bounds=[323,1899][817,1959], enabled=true, focused=false, checked=false, scrollable=false, selected=false, class=android.widget.TextView, important-for-accessibility=true, error=}, children=[], clickable=false, enabled=true, focused=false, checked=false, selected=false), TreeNode(attributes={text=10 units, accessibilityText=, hintText=, ignoreBoundsFiltering=false, resource-id=, clickable=false, bounds=[817,1901][952,1957], enabled=true, focused=false, checked=false, scrollable=false, selected=false, class=android.widget.TextView, important-for-accessibility=true, error=}, children=[], clickable=false, enabled=true, focused=false, checked=false, selected=false)], clickable=false, enabled=true, focused=false, checked=false, selected=false), TreeNode(attributes={text=Pallet:, accessibilityText=, hintText=, ignoreBoundsFiltering=false, resource-id=, clickable=false, bounds=[100,2009][297,2065], enabled=true, focused=false, checked=false, scrollable=false, selected=false, class=android.widget.TextView, important-for-accessibility=true, error=}, children=[], clickable=false, enabled=true, focused=false, checked=false, selected=false), TreeNode(attributes={text=NONE, accessibilityText=, hintText=, ignoreBoundsFiltering=false, resource-id=, clickable=false, bounds=[297,2009][980,2065], enabled=true, focused=false, checked=false, scrollable=false, selected=false, class=android.widget.TextView, important-for-accessibility=true, error=}, children=[], clickable=false, enabled=true, focused=false, checked=false, selected=false)], clickable=true, enabled=true, focused=false, checked=false, selected=false), bounds=Bounds(x=56, y=1598, width=968, height=510))
10:01:38.818 [ INFO] maestro.Maestro.tap-HgV9Ck0: Tap aimed via settled hierarchy
10:01:38.820 [ INFO] maestro.Maestro.hierarchyBasedTap-ogj28Uc: Tapping at (540, 1853) using hierarchy based logic for wait
10:01:41.419 [ INFO] maestro.Maestro.hierarchyBasedTap-ogj28Uc: Something has changed in the UI judging by view hierarchy. Proceed.
10:01:41.424 [ INFO] maestro.cli.runner.CliConsoleListener.onCommandFinished: Open component DEMO-PALL-WO-1-WSKU COMPLETED
10:01:41.425 [ INFO] maestro.cli.runner.CliConsoleListener.onCommandStart: Assert that id: pick-start-picking-button is visible RUNNING
10:01:41.670 [ INFO] maestro.cli.runner.CliConsoleListener.onCommandFinished: Assert that id: pick-start-picking-button is visible COMPLETED
10:01:41.671 [ INFO] maestro.cli.runner.CliConsoleListener.onCommandStart: Take screenshot pick-component RUNNING
10:01:41.673 [ INFO] maestro.Maestro.takeScreenshot: Taking screenshot
10:01:41.674 [TRACE] maestro.utils.ScreenshotUtils.takeScreenshot: Taking screenshot to output sink
10:01:42.016 [ INFO] maestro.cli.runner.CliConsoleListener.onCommandFinished: Take screenshot pick-component COMPLETED
10:01:42.016 [ INFO] maestro.cli.runner.CliConsoleListener.onCommandStart: Tap on id: pick-start-picking-button RUNNING
10:01:42.232 [ INFO] maestro.Maestro.tap-HgV9Ck0: Tapping on element:  UiElement(treeNode=TreeNode(attributes={text=, accessibilityText=A-01-01-01, 10 units, Tap to start picking, hintText=, ignoreBoundsFiltering=false, resource-id=pick-start-picking-button, clickable=true, bounds=[56,1703][1024,1916], enabled=true, focused=false, checked=false, scrollable=false, selected=false, class=android.view.ViewGroup, important-for-accessibility=true, error=}, children=[TreeNode(attributes={text=, accessibilityText=, hintText=, ignoreBoundsFiltering=false, resource-id=, clickable=false, bounds=[94,1748][145,1799], enabled=true, focused=false, checked=false, scrollable=false, selected=false, class=com.horcrux.svg.SvgView, important-for-accessibility=false, error=}, children=[TreeNode(attributes={text=, accessibilityText=, hintText=, ignoreBoundsFiltering=false, resource-id=, clickable=false, bounds=[98,1752][141,1795], enabled=true, focused=false, checked=false, scrollable=false, selected=false, class=com.horcrux.svg.GroupView, important-for-accessibility=false, error=}, children=[TreeNode(attributes={text=, accessibilityText=, hintText=, ignoreBoundsFiltering=false, resource-id=, clickable=false, bounds=[98,1752][141,1795], enabled=true, focused=false, checked=false, scrollable=false, selected=false, class=com.horcrux.svg.CircleView, important-for-accessibility=false, error=}, children=[], clickable=false, enabled=true, focused=false, checked=false, selected=false)], clickable=false, enabled=true, focused=false, checked=false, selected=false)], clickable=false, enabled=true, focused=false, checked=false, selected=false), TreeNode(attributes={text=A-01-01-01, accessibilityText=, hintText=, ignoreBoundsFiltering=false, resource-id=, clickable=false, bounds=[167,1741][834,1805], enabled=true, focused=false, checked=false, scrollable=false, selected=false, class=android.widget.TextView, important-for-accessibility=true, error=}, children=[], clickable=false, enabled=true, focused=false, checked=false, selected=false), TreeNode(attributes={text=10 units, accessibilityText=, hintText=, ignoreBoundsFiltering=false, resource-id=, clickable=false, bounds=[834,1743][986,1803], enabled=true, focused=false, checked=false, scrollable=false, selected=false, class=android.widget.TextView, important-for-accessibility=true, error=}, children=[], clickable=false, enabled=true, focused=false, checked=false, selected=false), TreeNode(attributes={text=Tap to start picking, accessibilityText=, hintText=, ignoreBoundsFiltering=false, resource-id=, clickable=false, bounds=[167,1822][986,1878], enabled=true, focused=false, checked=false, scrollable=false, selected=false, class=android.widget.TextView, important-for-accessibility=true, error=}, children=[], clickable=false, enabled=true, focused=false, checked=false, selected=false)], clickable=true, enabled=true, focused=false, checked=false, selected=false), bounds=Bounds(x=56, y=1703, width=968, height=213))
10:01:44.433 [ INFO] maestro.Maestro.tap-HgV9Ck0: Tap aimed via settled hierarchy
10:01:44.434 [ INFO] maestro.Maestro.hierarchyBasedTap-ogj28Uc: Tapping at (540, 1809) using hierarchy based logic for wait
10:01:46.157 [ INFO] maestro.Maestro.hierarchyBasedTap-ogj28Uc: Something has changed in the UI judging by view hierarchy. Proceed.
10:01:46.158 [ INFO] maestro.cli.runner.CliConsoleListener.onCommandFinished: Tap on id: pick-start-picking-button COMPLETED
10:01:46.158 [ INFO] maestro.cli.runner.CliConsoleListener.onCommandStart: Confirm location A-01-01-01 RUNNING
10:01:46.159 [ INFO] maestro.cli.runner.CliConsoleListener.onCommandStart: Define variables RUNNING
10:01:46.160 [ INFO] maestro.cli.runner.CliConsoleListener.onCommandFinished: Define variables COMPLETED
10:01:46.160 [ INFO] maestro.cli.runner.CliConsoleListener.onCommandStart: Apply configuration RUNNING
10:01:46.160 [ INFO] maestro.cli.runner.CliConsoleListener.onCommandFinished: Apply configuration COMPLETED
10:01:46.160 [ INFO] maestro.cli.runner.CliConsoleListener.onCommandStart: Assert that id: ${triggerId} is visible RUNNING
10:01:46.491 [ INFO] maestro.cli.runner.CliConsoleListener.onCommandFinished: Assert that id: ${triggerId} is visible COMPLETED
10:01:46.491 [ INFO] maestro.cli.runner.CliConsoleListener.onCommandStart: Tap on id: ${triggerId} RUNNING
10:01:46.821 [ INFO] maestro.Maestro.tap-HgV9Ck0: Tapping on element:  UiElement(treeNode=TreeNode(attributes={text=, accessibilityText=Confirm Location, hintText=, ignoreBoundsFiltering=false, resource-id=confirm-location-button, clickable=true, bounds=[56,1703][1024,1826], enabled=true, focused=false, checked=false, scrollable=false, selected=false, class=android.widget.Button, important-for-accessibility=true, error=}, children=[TreeNode(attributes={text=, accessibilityText=, hintText=, ignoreBoundsFiltering=false, resource-id=, clickable=false, bounds=[306,1739][357,1790], enabled=true, focused=false, checked=false, scrollable=false, selected=false, class=com.horcrux.svg.SvgView, important-for-accessibility=false, error=}, children=[TreeNode(attributes={text=, accessibilityText=, hintText=, ignoreBoundsFiltering=false, resource-id=, clickable=false, bounds=[314,1743][348,1787], enabled=true, focused=false, checked=false, scrollable=false, selected=false, class=com.horcrux.svg.GroupView, important-for-accessibility=false, error=}, children=[TreeNode(attributes={text=, accessibilityText=, hintText=, ignoreBoundsFiltering=false, resource-id=, clickable=false, bounds=[314,1743][348,1787], enabled=true, focused=false, checked=false, scrollable=false, selected=false, class=com.horcrux.svg.PathView, important-for-accessibility=false, error=}, children=[], clickable=false, enabled=true, focused=false, checked=false, selected=false), TreeNode(attributes={text=, accessibilityText=, hintText=, ignoreBoundsFiltering=false, resource-id=, clickable=false, bounds=[325,1753][338,1766], enabled=true, focused=false, checked=false, scrollable=false, selected=false, class=com.horcrux.svg.CircleView, important-for-accessibility=false, error=}, children=[], clickable=false, enabled=true, focused=false, checked=false, selected=false)], clickable=false, enabled=true, focused=false, checked=false, selected=false)], clickable=false, enabled=true, focused=false, checked=false, selected=false), TreeNode(attributes={text=Confirm Location, accessibilityText=, hintText=, ignoreBoundsFiltering=false, resource-id=, clickable=false, bounds=[379,1735][774,1794], enabled=true, focused=false, checked=false, scrollable=false, selected=false, class=android.widget.TextView, important-for-accessibility=true, error=}, children=[], clickable=false, enabled=true, focused=false, checked=false, selected=false)], clickable=true, enabled=true, focused=false, checked=false, selected=false), bounds=Bounds(x=56, y=1703, width=968, height=123))
10:01:48.298 [ INFO] maestro.Maestro.tap-HgV9Ck0: Tap aimed via settled hierarchy
10:01:48.299 [ INFO] maestro.Maestro.hierarchyBasedTap-ogj28Uc: Tapping at (540, 1764) using hierarchy based logic for wait
10:01:51.237 [ INFO] maestro.Maestro.hierarchyBasedTap-ogj28Uc: Something has changed in the UI judging by view hierarchy. Proceed.
10:01:51.246 [ INFO] maestro.cli.runner.CliConsoleListener.onCommandFinished: Tap on id: ${triggerId} COMPLETED
10:01:51.247 [ INFO] maestro.cli.runner.CliConsoleListener.onCommandStart: Assert that id: scanner-manual-entry-button is visible RUNNING
10:01:51.386 [ INFO] maestro.cli.runner.CliConsoleListener.onCommandFinished: Assert that id: scanner-manual-entry-button is visible COMPLETED
10:01:51.386 [ INFO] maestro.cli.runner.CliConsoleListener.onCommandStart: Tap on id: scanner-manual-entry-button RUNNING
10:01:51.532 [ INFO] maestro.Maestro.tap-HgV9Ck0: Tapping on element:  UiElement(treeNode=TreeNode(attributes={text=, accessibilityText=MANUAL ENTRY (TEST), hintText=, ignoreBoundsFiltering=false, resource-id=scanner-manual-entry-button, clickable=true, bounds=[228,1798][852,1936], enabled=true, focused=false, checked=false, scrollable=false, selected=false, class=android.view.ViewGroup, important-for-accessibility=true, error=}, children=[TreeNode(attributes={text=MANUAL ENTRY (TEST), accessibilityText=, hintText=, ignoreBoundsFiltering=false, resource-id=, clickable=false, bounds=[301,1837][779,1896], enabled=true, focused=false, checked=false, scrollable=false, selected=false, class=android.widget.TextView, important-for-accessibility=true, error=}, children=[], clickable=false, enabled=true, focused=false, checked=false, selected=false)], clickable=true, enabled=true, focused=false, checked=false, selected=false), bounds=Bounds(x=228, y=1798, width=624, height=138))
10:01:53.377 [ INFO] maestro.Maestro.tap-HgV9Ck0: Tap aimed via settled hierarchy
10:01:53.379 [ INFO] maestro.Maestro.hierarchyBasedTap-ogj28Uc: Tapping at (540, 1867) using hierarchy based logic for wait
10:01:54.769 [ INFO] maestro.Maestro.hierarchyBasedTap-ogj28Uc: Something has changed in the UI judging by view hierarchy. Proceed.
10:01:54.770 [ INFO] maestro.cli.runner.CliConsoleListener.onCommandFinished: Tap on id: scanner-manual-entry-button COMPLETED
10:01:54.770 [ INFO] maestro.cli.runner.CliConsoleListener.onCommandStart: Assert that id: scanner-manual-input is visible RUNNING
10:01:54.913 [ INFO] maestro.cli.runner.CliConsoleListener.onCommandFinished: Assert that id: scanner-manual-input is visible COMPLETED
10:01:54.916 [ INFO] maestro.cli.runner.CliConsoleListener.onCommandStart: Tap on id: scanner-manual-input RUNNING
10:01:55.078 [ INFO] maestro.Maestro.tap-HgV9Ck0: Tapping on element:  UiElement(treeNode=TreeNode(attributes={text=, accessibilityText=, hintText=Type barcode or QR code value..., ignoreBoundsFiltering=false, resource-id=scanner-manual-input, clickable=true, bounds=[124,1090][956,1264], enabled=true, focused=true, checked=false, scrollable=false, selected=false, class=android.widget.EditText, important-for-accessibility=true, error=}, children=[], clickable=true, enabled=true, focused=true, checked=false, selected=false), bounds=Bounds(x=124, y=1090, width=832, height=174))
10:01:56.412 [ INFO] maestro.Maestro.tap-HgV9Ck0: Tap aimed via settled hierarchy
10:01:56.413 [ INFO] maestro.Maestro.hierarchyBasedTap-ogj28Uc: Tapping at (540, 1177) using hierarchy based logic for wait
10:01:58.088 [ INFO] maestro.Maestro.hierarchyBasedTap-ogj28Uc: Something has changed in the UI judging by view hierarchy. Proceed.
10:01:58.092 [ INFO] maestro.cli.runner.CliConsoleListener.onCommandFinished: Tap on id: scanner-manual-input COMPLETED
10:01:58.092 [ INFO] maestro.cli.runner.CliConsoleListener.onCommandStart: Input text ${value} RUNNING
10:01:58.119 [ INFO] maestro.Maestro.inputText: Inputting text: A-01-01-01
10:02:01.213 [ INFO] maestro.cli.runner.CliConsoleListener.onCommandFinished: Input text ${value} COMPLETED
10:02:01.216 [ INFO] maestro.cli.runner.CliConsoleListener.onCommandStart: Tap on id: scanner-manual-submit RUNNING
10:02:01.685 [ INFO] maestro.Maestro.tap-HgV9Ck0: Tapping on element:  UiElement(treeNode=TreeNode(attributes={text=, accessibilityText=Submit, hintText=, ignoreBoundsFiltering=false, resource-id=scanner-manual-submit, clickable=true, bounds=[560,884][956,1035], enabled=true, focused=false, checked=false, scrollable=false, selected=false, class=android.view.ViewGroup, important-for-accessibility=true, error=}, children=[TreeNode(attributes={text=Submit, accessibilityText=, hintText=, ignoreBoundsFiltering=false, resource-id=, clickable=false, bounds=[678,923][838,990], enabled=true, focused=false, checked=false, scrollable=false, selected=false, class=android.widget.TextView, important-for-accessibility=true, error=}, children=[], clickable=false, enabled=true, focused=false, checked=false, selected=false)], clickable=true, enabled=true, focused=false, checked=false, selected=false), bounds=Bounds(x=560, y=884, width=396, height=151))
10:02:03.307 [ INFO] maestro.Maestro.tap-HgV9Ck0: Tap aimed via settled hierarchy
10:02:03.311 [ INFO] maestro.Maestro.hierarchyBasedTap-ogj28Uc: Tapping at (758, 959) using hierarchy based logic for wait
10:02:06.179 [ INFO] maestro.Maestro.hierarchyBasedTap-ogj28Uc: Something has changed in the UI judging by view hierarchy. Proceed.
10:02:06.181 [ INFO] maestro.cli.runner.CliConsoleListener.onCommandFinished: Tap on id: scanner-manual-submit COMPLETED
10:02:06.181 [ INFO] maestro.cli.runner.CliConsoleListener.onCommandStart: Wait for animation to end RUNNING
10:02:06.182 [ INFO] maestro.Maestro.waitForAnimationToEnd$lambda$53: Waiting for animation to end with timeout 15000
10:02:06.183 [TRACE] maestro.utils.ScreenshotUtils.takeScreenshot: Taking screenshot to byte array
10:02:06.183 [TRACE] maestro.utils.ScreenshotUtils.takeScreenshot: Taking screenshot to output sink
10:02:06.512 [TRACE] maestro.utils.ScreenshotUtils.takeScreenshot: Taking screenshot to byte array
10:02:06.512 [TRACE] maestro.utils.ScreenshotUtils.takeScreenshot: Taking screenshot to output sink
10:02:07.046 [ INFO] maestro.cli.runner.CliConsoleListener.onCommandFinished: Wait for animation to end COMPLETED
10:02:07.046 [ INFO] maestro.cli.runner.CliConsoleListener.onCommandStart: Take screenshot after-scan-${value} RUNNING
10:02:07.052 [ INFO] maestro.Maestro.takeScreenshot: Taking screenshot
10:02:07.053 [TRACE] maestro.utils.ScreenshotUtils.takeScreenshot: Taking screenshot to output sink
10:02:07.338 [ INFO] maestro.cli.runner.CliConsoleListener.onCommandFinished: Take screenshot after-scan-${value} COMPLETED
10:02:07.339 [ INFO] maestro.cli.runner.CliConsoleListener.onCommandFinished: Confirm location A-01-01-01 COMPLETED
10:02:07.339 [ INFO] maestro.cli.runner.CliConsoleListener.onCommandStart: Confirm UPC 111222333001 RUNNING
10:02:07.340 [ INFO] maestro.cli.runner.CliConsoleListener.onCommandStart: Define variables RUNNING
10:02:07.340 [ INFO] maestro.cli.runner.CliConsoleListener.onCommandFinished: Define variables COMPLETED
10:02:07.340 [ INFO] maestro.cli.runner.CliConsoleListener.onCommandStart: Apply configuration RUNNING
10:02:07.341 [ INFO] maestro.cli.runner.CliConsoleListener.onCommandFinished: Apply configuration COMPLETED
10:02:07.341 [ INFO] maestro.cli.runner.CliConsoleListener.onCommandStart: Assert that id: ${triggerId} is visible RUNNING
10:02:07.698 [ INFO] maestro.cli.runner.CliConsoleListener.onCommandFinished: Assert that id: ${triggerId} is visible COMPLETED
10:02:07.698 [ INFO] maestro.cli.runner.CliConsoleListener.onCommandStart: Tap on id: ${triggerId} RUNNING
10:02:08.029 [ INFO] maestro.Maestro.tap-HgV9Ck0: Tapping on element:  UiElement(treeNode=TreeNode(attributes={text=, accessibilityText=Confirm UPC, hintText=, ignoreBoundsFiltering=false, resource-id=confirm-upc-button, clickable=true, bounds=[56,832][1024,955], enabled=true, focused=false, checked=false, scrollable=false, selected=false, class=android.widget.Button, important-for-accessibility=true, error=}, children=[TreeNode(attributes={text=, accessibilityText=, hintText=, ignoreBoundsFiltering=false, resource-id=, clickable=false, bounds=[355,868][406,919], enabled=true, focused=false, checked=false, scrollable=false, selected=false, class=com.horcrux.svg.SvgView, important-for-accessibility=false, error=}, children=[TreeNode(attributes={text=, accessibilityText=, hintText=, ignoreBoundsFiltering=false, resource-id=, clickable=false, bounds=[361,874][400,913], enabled=true, focused=false, checked=false, scrollable=false, selected=false, class=com.horcrux.svg.GroupView, important-for-accessibility=false, error=}, children=[TreeNode(attributes={text=, accessibilityText=, hintText=, ignoreBoundsFiltering=false, resource-id=, clickable=false, bounds=[361,874][370,883], enabled=true, focused=false, checked=false, scrollable=false, selected=false, class=com.horcrux.svg.PathView, important-for-accessibility=false, error=}, children=[], clickable=false, enabled=true, focused=false, checked=false, selected=false), TreeNode(attributes={text=, accessibilityText=, hintText=, ignoreBoundsFiltering=false, resource-id=, clickable=false, bounds=[391,874][400,883], enabled=true, focused=false, checked=false, scrollable=false, selected=false, class=com.horcrux.svg.PathView, important-for-accessibility=false, error=}, children=[], clickable=false, enabled=true, focused=false, checked=false, selected=false), TreeNode(attributes={text=, accessibilityText=, hintText=, ignoreBoundsFiltering=false, resource-id=, clickable=false, bounds=[361,904][370,913], enabled=true, focused=false, checked=false, scrollable=false, selected=false, class=com.horcrux.svg.PathView, important-for-accessibility=false, error=}, children=[], clickable=false, enabled=true, focused=false, checked=false, selected=false), TreeNode(attributes={text=, accessibilityText=, hintText=, ignoreBoundsFiltering=false, resource-id=, clickable=false, bounds=[391,904][400,913], enabled=true, focused=false, checked=false, scrollable=false, selected=false, class=com.horcrux.svg.PathView, important-for-accessibility=false, error=}, children=[], clickable=false, enabled=true, focused=false, checked=false, selected=false)], clickable=false, enabled=true, focused=false, checked=false, selected=false)], clickable=false, enabled=true, focused=false, checked=false, selected=false), TreeNode(attributes={text=Confirm UPC, accessibilityText=, hintText=, ignoreBoundsFiltering=false, resource-id=, clickable=false, bounds=[428,864][725,923], enabled=true, focused=false, checked=false, scrollable=false, selected=false, class=android.widget.TextView, important-for-accessibility=true, error=}, children=[], clickable=false, enabled=true, focused=false, checked=false, selected=false)], clickable=true, enabled=true, focused=false, checked=false, selected=false), bounds=Bounds(x=56, y=832, width=968, height=123))
10:02:10.179 [ INFO] maestro.Maestro.tap-HgV9Ck0: Tap aimed via settled hierarchy
10:02:10.183 [ INFO] maestro.Maestro.hierarchyBasedTap-ogj28Uc: Tapping at (540, 893) using hierarchy based logic for wait
10:02:13.065 [ INFO] maestro.Maestro.hierarchyBasedTap-ogj28Uc: Something has changed in the UI judging by view hierarchy. Proceed.
10:02:13.066 [ INFO] maestro.cli.runner.CliConsoleListener.onCommandFinished: Tap on id: ${triggerId} COMPLETED
10:02:13.066 [ INFO] maestro.cli.runner.CliConsoleListener.onCommandStart: Assert that id: scanner-manual-entry-button is visible RUNNING
10:02:13.193 [ INFO] maestro.cli.runner.CliConsoleListener.onCommandFinished: Assert that id: scanner-manual-entry-button is visible COMPLETED
10:02:13.193 [ INFO] maestro.cli.runner.CliConsoleListener.onCommandStart: Tap on id: scanner-manual-entry-button RUNNING
10:02:13.316 [ INFO] maestro.Maestro.tap-HgV9Ck0: Tapping on element:  UiElement(treeNode=TreeNode(attributes={text=, accessibilityText=MANUAL ENTRY (TEST), hintText=, ignoreBoundsFiltering=false, resource-id=scanner-manual-entry-button, clickable=true, bounds=[228,1798][852,1936], enabled=true, focused=false, checked=false, scrollable=false, selected=false, class=android.view.ViewGroup, important-for-accessibility=true, error=}, children=[TreeNode(attributes={text=MANUAL ENTRY (TEST), accessibilityText=, hintText=, ignoreBoundsFiltering=false, resource-id=, clickable=false, bounds=[301,1837][779,1896], enabled=true, focused=false, checked=false, scrollable=false, selected=false, class=android.widget.TextView, important-for-accessibility=true, error=}, children=[], clickable=false, enabled=true, focused=false, checked=false, selected=false)], clickable=true, enabled=true, focused=false, checked=false, selected=false), bounds=Bounds(x=228, y=1798, width=624, height=138))
10:02:15.120 [ INFO] maestro.Maestro.tap-HgV9Ck0: Tap aimed via settled hierarchy
10:02:15.121 [ INFO] maestro.Maestro.hierarchyBasedTap-ogj28Uc: Tapping at (540, 1867) using hierarchy based logic for wait
10:02:16.928 [ INFO] maestro.Maestro.hierarchyBasedTap-ogj28Uc: Something has changed in the UI judging by view hierarchy. Proceed.
10:02:16.928 [ INFO] maestro.cli.runner.CliConsoleListener.onCommandFinished: Tap on id: scanner-manual-entry-button COMPLETED
10:02:16.928 [ INFO] maestro.cli.runner.CliConsoleListener.onCommandStart: Assert that id: scanner-manual-input is visible RUNNING
10:02:17.084 [ INFO] maestro.cli.runner.CliConsoleListener.onCommandFinished: Assert that id: scanner-manual-input is visible COMPLETED
10:02:17.084 [ INFO] maestro.cli.runner.CliConsoleListener.onCommandStart: Tap on id: scanner-manual-input RUNNING
10:02:17.246 [ INFO] maestro.Maestro.tap-HgV9Ck0: Tapping on element:  UiElement(treeNode=TreeNode(attributes={text=, accessibilityText=, hintText=Type barcode or QR code value..., ignoreBoundsFiltering=false, resource-id=scanner-manual-input, clickable=true, bounds=[124,1090][956,1264], enabled=true, focused=true, checked=false, scrollable=false, selected=false, class=android.widget.EditText, important-for-accessibility=true, error=}, children=[], clickable=true, enabled=true, focused=true, checked=false, selected=false), bounds=Bounds(x=124, y=1090, width=832, height=174))
10:02:18.577 [ INFO] maestro.Maestro.tap-HgV9Ck0: Tap aimed via settled hierarchy
10:02:18.582 [ INFO] maestro.Maestro.hierarchyBasedTap-ogj28Uc: Tapping at (540, 1177) using hierarchy based logic for wait
10:02:20.157 [ INFO] maestro.Maestro.hierarchyBasedTap-ogj28Uc: Something has changed in the UI judging by view hierarchy. Proceed.
10:02:20.159 [ INFO] maestro.cli.runner.CliConsoleListener.onCommandFinished: Tap on id: scanner-manual-input COMPLETED
10:02:20.159 [ INFO] maestro.cli.runner.CliConsoleListener.onCommandStart: Input text ${value} RUNNING
10:02:20.183 [ INFO] maestro.Maestro.inputText: Inputting text: 111222333001
10:02:23.450 [ INFO] maestro.cli.runner.CliConsoleListener.onCommandFinished: Input text ${value} COMPLETED
10:02:23.450 [ INFO] maestro.cli.runner.CliConsoleListener.onCommandStart: Tap on id: scanner-manual-submit RUNNING
10:02:23.873 [ INFO] maestro.Maestro.tap-HgV9Ck0: Tapping on element:  UiElement(treeNode=TreeNode(attributes={text=, accessibilityText=Submit, hintText=, ignoreBoundsFiltering=false, resource-id=scanner-manual-submit, clickable=true, bounds=[560,884][956,1035], enabled=true, focused=false, checked=false, scrollable=false, selected=false, class=android.view.ViewGroup, important-for-accessibility=true, error=}, children=[TreeNode(attributes={text=Submit, accessibilityText=, hintText=, ignoreBoundsFiltering=false, resource-id=, clickable=false, bounds=[678,923][838,990], enabled=true, focused=false, checked=false, scrollable=false, selected=false, class=android.widget.TextView, important-for-accessibility=true, error=}, children=[], clickable=false, enabled=true, focused=false, checked=false, selected=false)], clickable=true, enabled=true, focused=false, checked=false, selected=false), bounds=Bounds(x=560, y=884, width=396, height=151))
10:02:25.444 [ INFO] maestro.Maestro.tap-HgV9Ck0: Tap aimed via settled hierarchy
10:02:25.452 [ INFO] maestro.Maestro.hierarchyBasedTap-ogj28Uc: Tapping at (758, 959) using hierarchy based logic for wait
10:02:27.240 [ INFO] maestro.Maestro.hierarchyBasedTap-ogj28Uc: Something has changed in the UI judging by view hierarchy. Proceed.
10:02:27.240 [ INFO] maestro.cli.runner.CliConsoleListener.onCommandFinished: Tap on id: scanner-manual-submit COMPLETED
10:02:27.240 [ INFO] maestro.cli.runner.CliConsoleListener.onCommandStart: Wait for animation to end RUNNING
10:02:27.241 [ INFO] maestro.Maestro.waitForAnimationToEnd$lambda$53: Waiting for animation to end with timeout 15000
10:02:27.241 [TRACE] maestro.utils.ScreenshotUtils.takeScreenshot: Taking screenshot to byte array
10:02:27.241 [TRACE] maestro.utils.ScreenshotUtils.takeScreenshot: Taking screenshot to output sink
10:02:27.536 [TRACE] maestro.utils.ScreenshotUtils.takeScreenshot: Taking screenshot to byte array
10:02:27.537 [TRACE] maestro.utils.ScreenshotUtils.takeScreenshot: Taking screenshot to output sink
10:02:28.605 [TRACE] maestro.utils.ScreenshotUtils.takeScreenshot: Taking screenshot to byte array
10:02:28.606 [TRACE] maestro.utils.ScreenshotUtils.takeScreenshot: Taking screenshot to output sink
10:02:28.923 [TRACE] maestro.utils.ScreenshotUtils.takeScreenshot: Taking screenshot to byte array
10:02:28.923 [TRACE] maestro.utils.ScreenshotUtils.takeScreenshot: Taking screenshot to output sink
10:02:29.345 [ INFO] maestro.cli.runner.CliConsoleListener.onCommandFinished: Wait for animation to end COMPLETED
10:02:29.345 [ INFO] maestro.cli.runner.CliConsoleListener.onCommandStart: Take screenshot after-scan-${value} RUNNING
10:02:29.355 [ INFO] maestro.Maestro.takeScreenshot: Taking screenshot
10:02:29.355 [TRACE] maestro.utils.ScreenshotUtils.takeScreenshot: Taking screenshot to output sink
10:02:29.625 [ INFO] maestro.cli.runner.CliConsoleListener.onCommandFinished: Take screenshot after-scan-${value} COMPLETED
10:02:29.626 [ INFO] maestro.cli.runner.CliConsoleListener.onCommandFinished: Confirm UPC 111222333001 COMPLETED
10:02:29.629 [ INFO] maestro.cli.runner.CliConsoleListener.onCommandStart: Scrolling DOWN until id: pick-units-input is visible with speed 40, visibility percentage 100%, timeout 10000 ms, with centering disabled RUNNING
10:02:29.961 [ INFO] maestro.orchestra.Orchestra.scrollUntilVisible: Scrolling try count: 0, DeviceWidth: 1080, DeviceWidth: 2408
10:02:29.962 [ INFO] maestro.orchestra.Orchestra.scrollUntilVisible: Element bounds: Bounds(x=557, y=1696, width=419, height=159)
10:02:29.964 [ INFO] maestro.orchestra.Orchestra.scrollUntilVisible: Visibility Percent: 1.0
10:02:29.981 [ INFO] maestro.orchestra.Orchestra.scrollUntilVisible: Command centerElement: ScrollUntilVisibleCommand(selector=ElementSelector(textRegex=null, idRegex=pick-units-input, size=null, below=null, above=null, leftOf=null, rightOf=null, containsChild=null, containsDescendants=null, traits=null, index=null, enabled=null, optional=false, selected=null, checked=null, focused=null, childOf=null, css=null), direction=DOWN, scrollDuration=601, visibilityPercentage=100, timeout=10000, waitToSettleTimeoutMs=null, centerElement=false, originalSpeedValue=40, label=null, optional=false).centerElement
10:02:29.981 [ INFO] maestro.orchestra.Orchestra.scrollUntilVisible: visibilityPercentageNormalized: 1.0
10:02:29.981 [ INFO] maestro.cli.runner.CliConsoleListener.onCommandFinished: Scrolling DOWN until id: pick-units-input is visible with speed 40, visibility percentage 100%, timeout 10000 ms, with centering disabled COMPLETED
10:02:29.981 [ INFO] maestro.cli.runner.CliConsoleListener.onCommandStart: Tap on id: pick-units-input RUNNING
10:02:30.293 [ INFO] maestro.Maestro.tap-HgV9Ck0: Tapping on element:  UiElement(treeNode=TreeNode(attributes={text=, accessibilityText=, hintText=0, ignoreBoundsFiltering=false, resource-id=pick-units-input, clickable=true, bounds=[557,1696][976,1855], enabled=true, focused=false, checked=false, scrollable=false, selected=false, class=android.widget.EditText, important-for-accessibility=true, error=}, children=[], clickable=true, enabled=true, focused=false, checked=false, selected=false), bounds=Bounds(x=557, y=1696, width=419, height=159))
10:02:32.633 [ INFO] maestro.Maestro.tap-HgV9Ck0: Tap aimed via settled hierarchy
10:02:32.636 [ INFO] maestro.Maestro.hierarchyBasedTap-ogj28Uc: Tapping at (766, 1775) using hierarchy based logic for wait
10:02:34.166 [ INFO] maestro.Maestro.hierarchyBasedTap-ogj28Uc: Something has changed in the UI judging by view hierarchy. Proceed.
10:02:34.166 [ INFO] maestro.cli.runner.CliConsoleListener.onCommandFinished: Tap on id: pick-units-input COMPLETED
10:02:34.167 [ INFO] maestro.cli.runner.CliConsoleListener.onCommandStart: Input text 10 RUNNING
10:02:34.167 [ INFO] maestro.Maestro.inputText: Inputting text: 10
10:02:35.593 [ INFO] maestro.cli.runner.CliConsoleListener.onCommandFinished: Input text 10 COMPLETED
10:02:35.595 [ INFO] maestro.cli.runner.CliConsoleListener.onCommandStart: Hide Keyboard RUNNING
10:02:35.596 [ INFO] maestro.Maestro.hideKeyboard$lambda$12: Hiding Keyboard
10:02:37.406 [ INFO] maestro.cli.runner.CliConsoleListener.onCommandFinished: Hide Keyboard COMPLETED
10:02:37.406 [ INFO] maestro.cli.runner.CliConsoleListener.onCommandStart: Scrolling DOWN until id: confirm-qty-button is visible with speed 40, visibility percentage 100%, timeout 10000 ms, with centering disabled RUNNING
10:02:37.745 [ INFO] maestro.orchestra.Orchestra.scrollUntilVisible: Scrolling try count: 0, DeviceWidth: 1080, DeviceWidth: 2408
10:02:37.746 [ INFO] maestro.orchestra.Orchestra.scrollUntilVisible: Element bounds: Bounds(x=56, y=977, width=968, height=124)
10:02:37.746 [ INFO] maestro.orchestra.Orchestra.scrollUntilVisible: Visibility Percent: 1.0
10:02:37.746 [ INFO] maestro.orchestra.Orchestra.scrollUntilVisible: Command centerElement: ScrollUntilVisibleCommand(selector=ElementSelector(textRegex=null, idRegex=confirm-qty-button, size=null, below=null, above=null, leftOf=null, rightOf=null, containsChild=null, containsDescendants=null, traits=null, index=null, enabled=null, optional=false, selected=null, checked=null, focused=null, childOf=null, css=null), direction=DOWN, scrollDuration=601, visibilityPercentage=100, timeout=10000, waitToSettleTimeoutMs=null, centerElement=false, originalSpeedValue=40, label=null, optional=false).centerElement
10:02:37.746 [ INFO] maestro.orchestra.Orchestra.scrollUntilVisible: visibilityPercentageNormalized: 1.0
10:02:37.747 [ INFO] maestro.cli.runner.CliConsoleListener.onCommandFinished: Scrolling DOWN until id: confirm-qty-button is visible with speed 40, visibility percentage 100%, timeout 10000 ms, with centering disabled COMPLETED
10:02:37.747 [ INFO] maestro.cli.runner.CliConsoleListener.onCommandStart: Tap on id: confirm-qty-button RUNNING
10:02:38.049 [ INFO] maestro.Maestro.tap-HgV9Ck0: Tapping on element:  UiElement(treeNode=TreeNode(attributes={text=, accessibilityText=Confirm Qty, hintText=, ignoreBoundsFiltering=false, resource-id=confirm-qty-button, clickable=true, bounds=[56,977][1024,1101], enabled=true, focused=false, checked=false, scrollable=false, selected=false, class=android.widget.Button, important-for-accessibility=true, error=}, children=[TreeNode(attributes={text=, accessibilityText=, hintText=, ignoreBoundsFiltering=false, resource-id=, clickable=false, bounds=[364,1013][415,1064], enabled=true, focused=false, checked=false, scrollable=false, selected=false, class=com.horcrux.svg.SvgView, important-for-accessibility=false, error=}, children=[TreeNode(attributes={text=, accessibilityText=, hintText=, ignoreBoundsFiltering=false, resource-id=, clickable=false, bounds=[370,1019][409,1058], enabled=true, focused=false, checked=false, scrollable=false, selected=false, class=com.horcrux.svg.GroupView, important-for-accessibility=false, error=}, children=[TreeNode(attributes={text=, accessibilityText=, hintText=, ignoreBoundsFiltering=false, resource-id=, clickable=false, bounds=[370,1019][409,1058], enabled=true, focused=false, checked=false, scrollable=false, selected=false, class=com.horcrux.svg.PathView, important-for-accessibility=false, error=}, children=[], clickable=false, enabled=true, focused=false, checked=false, selected=false)], clickable=false, enabled=true, focused=false, checked=false, selected=false)], clickable=false, enabled=true, focused=false, checked=false, selected=false), TreeNode(attributes={text=Confirm Qty, accessibilityText=, hintText=, ignoreBoundsFiltering=false, resource-id=, clickable=false, bounds=[437,1009][716,1068], enabled=true, focused=false, checked=false, scrollable=false, selected=false, class=android.widget.TextView, important-for-accessibility=true, error=}, children=[], clickable=false, enabled=true, focused=false, checked=false, selected=false)], clickable=true, enabled=true, focused=false, checked=false, selected=false), bounds=Bounds(x=56, y=977, width=968, height=124))
10:02:39.529 [ INFO] maestro.Maestro.tap-HgV9Ck0: Tap aimed via settled hierarchy
10:02:39.531 [ INFO] maestro.Maestro.hierarchyBasedTap-ogj28Uc: Tapping at (540, 1039) using hierarchy based logic for wait
10:02:40.815 [ INFO] maestro.Maestro.hierarchyBasedTap-ogj28Uc: Something has changed in the UI judging by view hierarchy. Proceed.
10:02:40.817 [ INFO] maestro.cli.runner.CliConsoleListener.onCommandFinished: Tap on id: confirm-qty-button COMPLETED
10:02:40.817 [ INFO] maestro.cli.runner.CliConsoleListener.onCommandStart: Assert that "CONFIRM" is visible RUNNING
10:02:40.951 [ INFO] maestro.cli.runner.CliConsoleListener.onCommandFinished: Assert that "CONFIRM" is visible COMPLETED
10:02:40.951 [ INFO] maestro.cli.runner.CliConsoleListener.onCommandStart: Tap on "CONFIRM" RUNNING
10:02:41.135 [ INFO] maestro.Maestro.tap-HgV9Ck0: Tapping on element:  UiElement(treeNode=TreeNode(attributes={text=CONFIRM, accessibilityText=, hintText=, ignoreBoundsFiltering=false, resource-id=android:id/button1, clickable=true, bounds=[716,1262][974,1414], enabled=true, focused=false, checked=false, scrollable=false, selected=false, class=android.widget.Button, important-for-accessibility=true, error=}, children=[], clickable=true, enabled=true, focused=false, checked=false, selected=false), bounds=Bounds(x=716, y=1262, width=258, height=152))
10:02:42.428 [ INFO] maestro.Maestro.tap-HgV9Ck0: Tap aimed via settled hierarchy
10:02:42.429 [ INFO] maestro.Maestro.hierarchyBasedTap-ogj28Uc: Tapping at (845, 1338) using hierarchy based logic for wait
10:02:44.262 [ INFO] maestro.Maestro.hierarchyBasedTap-ogj28Uc: Something has changed in the UI judging by view hierarchy. Proceed.
10:02:44.263 [ INFO] maestro.cli.runner.CliConsoleListener.onCommandFinished: Tap on "CONFIRM" COMPLETED
10:02:44.263 [ INFO] maestro.cli.runner.CliConsoleListener.onCommandStart: Wait for animation to end RUNNING
10:02:44.264 [ INFO] maestro.Maestro.waitForAnimationToEnd$lambda$53: Waiting for animation to end with timeout 15000
10:02:44.264 [TRACE] maestro.utils.ScreenshotUtils.takeScreenshot: Taking screenshot to byte array
10:02:44.265 [TRACE] maestro.utils.ScreenshotUtils.takeScreenshot: Taking screenshot to output sink
10:02:44.589 [TRACE] maestro.utils.ScreenshotUtils.takeScreenshot: Taking screenshot to byte array
10:02:44.589 [TRACE] maestro.utils.ScreenshotUtils.takeScreenshot: Taking screenshot to output sink
10:02:45.129 [ INFO] maestro.cli.runner.CliConsoleListener.onCommandFinished: Wait for animation to end COMPLETED
10:02:45.129 [ INFO] maestro.cli.runner.CliConsoleListener.onCommandStart: Take screenshot qty-confirmed RUNNING
10:02:45.130 [ INFO] maestro.Maestro.takeScreenshot: Taking screenshot
10:02:45.130 [TRACE] maestro.utils.ScreenshotUtils.takeScreenshot: Taking screenshot to output sink
10:02:45.443 [ INFO] maestro.cli.runner.CliConsoleListener.onCommandFinished: Take screenshot qty-confirmed COMPLETED
10:02:45.443 [ INFO] maestro.cli.runner.CliConsoleListener.onCommandStart: Confirm destination pallet TEST-PICK-SHARED-PALLET RUNNING
10:02:45.443 [ INFO] maestro.cli.runner.CliConsoleListener.onCommandStart: Define variables RUNNING
10:02:45.444 [ INFO] maestro.cli.runner.CliConsoleListener.onCommandFinished: Define variables COMPLETED
10:02:45.444 [ INFO] maestro.cli.runner.CliConsoleListener.onCommandStart: Apply configuration RUNNING
10:02:45.444 [ INFO] maestro.cli.runner.CliConsoleListener.onCommandFinished: Apply configuration COMPLETED
10:02:45.444 [ INFO] maestro.cli.runner.CliConsoleListener.onCommandStart: Assert that id: ${triggerId} is visible RUNNING
10:02:45.848 [ INFO] maestro.cli.runner.CliConsoleListener.onCommandFinished: Assert that id: ${triggerId} is visible COMPLETED
10:02:45.849 [ INFO] maestro.cli.runner.CliConsoleListener.onCommandStart: Tap on id: ${triggerId} RUNNING
10:02:46.181 [ INFO] maestro.Maestro.tap-HgV9Ck0: Tapping on element:  UiElement(treeNode=TreeNode(attributes={text=, accessibilityText=Confirm Pallet, hintText=, ignoreBoundsFiltering=false, resource-id=confirm-pallet-button, clickable=true, bounds=[56,1129][1024,1253], enabled=true, focused=false, checked=false, scrollable=false, selected=false, class=android.widget.Button, important-for-accessibility=true, error=}, children=[TreeNode(attributes={text=, accessibilityText=, hintText=, ignoreBoundsFiltering=false, resource-id=, clickable=false, bounds=[342,1165][393,1216], enabled=true, focused=false, checked=false, scrollable=false, selected=false, class=com.horcrux.svg.SvgView, important-for-accessibility=false, error=}, children=[TreeNode(attributes={text=, accessibilityText=, hintText=, ignoreBoundsFiltering=false, resource-id=, clickable=false, bounds=[348,1171][387,1210], enabled=true, focused=false, checked=false, scrollable=false, selected=false, class=com.horcrux.svg.GroupView, important-for-accessibility=false, error=}, children=[TreeNode(attributes={text=, accessibilityText=, hintText=, ignoreBoundsFiltering=false, resource-id=, clickable=false, bounds=[348,1171][357,1180], enabled=true, focused=false, checked=false, scrollable=false, selected=false, class=com.horcrux.svg.PathView, important-for-accessibility=false, error=}, children=[], clickable=false, enabled=true, focused=false, checked=false, selected=false), TreeNode(attributes={text=, accessibilityText=, hintText=, ignoreBoundsFiltering=false, resource-id=, clickable=false, bounds=[378,1171][387,1180], enabled=true, focused=false, checked=false, scrollable=false, selected=false, class=com.horcrux.svg.PathView, important-for-accessibility=false, error=}, children=[], clickable=false, enabled=true, focused=false, checked=false, selected=false), TreeNode(attributes={text=, accessibilityText=, hintText=, ignoreBoundsFiltering=false, resource-id=, clickable=false, bounds=[348,1201][357,1210], enabled=true, focused=false, checked=false, scrollable=false, selected=false, class=com.horcrux.svg.PathView, important-for-accessibility=false, error=}, children=[], clickable=false, enabled=true, focused=false, checked=false, selected=false), TreeNode(attributes={text=, accessibilityText=, hintText=, ignoreBoundsFiltering=false, resource-id=, clickable=false, bounds=[378,1201][387,1210], enabled=true, focused=false, checked=false, scrollable=false, selected=false, class=com.horcrux.svg.PathView, important-for-accessibility=false, error=}, children=[], clickable=false, enabled=true, focused=false, checked=false, selected=false)], clickable=false, enabled=true, focused=false, checked=false, selected=false)], clickable=false, enabled=true, focused=false, checked=false, selected=false), TreeNode(attributes={text=Confirm Pallet, accessibilityText=, hintText=, ignoreBoundsFiltering=false, resource-id=, clickable=false, bounds=[415,1161][738,1220], enabled=true, focused=false, checked=false, scrollable=false, selected=false, class=android.widget.TextView, important-for-accessibility=true, error=}, children=[], clickable=false, enabled=true, focused=false, checked=false, selected=false)], clickable=true, enabled=true, focused=false, checked=false, selected=false), bounds=Bounds(x=56, y=1129, width=968, height=124))
10:02:48.295 [ INFO] maestro.Maestro.tap-HgV9Ck0: Tap aimed via settled hierarchy
10:02:48.296 [ INFO] maestro.Maestro.hierarchyBasedTap-ogj28Uc: Tapping at (540, 1191) using hierarchy based logic for wait
10:02:51.167 [ INFO] maestro.Maestro.hierarchyBasedTap-ogj28Uc: Something has changed in the UI judging by view hierarchy. Proceed.
10:02:51.171 [ INFO] maestro.cli.runner.CliConsoleListener.onCommandFinished: Tap on id: ${triggerId} COMPLETED
10:02:51.172 [ INFO] maestro.cli.runner.CliConsoleListener.onCommandStart: Assert that id: scanner-manual-entry-button is visible RUNNING
10:02:51.301 [ INFO] maestro.cli.runner.CliConsoleListener.onCommandFinished: Assert that id: scanner-manual-entry-button is visible COMPLETED
10:02:51.301 [ INFO] maestro.cli.runner.CliConsoleListener.onCommandStart: Tap on id: scanner-manual-entry-button RUNNING
10:02:51.430 [ INFO] maestro.Maestro.tap-HgV9Ck0: Tapping on element:  UiElement(treeNode=TreeNode(attributes={text=, accessibilityText=MANUAL ENTRY (TEST), hintText=, ignoreBoundsFiltering=false, resource-id=scanner-manual-entry-button, clickable=true, bounds=[228,1798][852,1936], enabled=true, focused=false, checked=false, scrollable=false, selected=false, class=android.view.ViewGroup, important-for-accessibility=true, error=}, children=[TreeNode(attributes={text=MANUAL ENTRY (TEST), accessibilityText=, hintText=, ignoreBoundsFiltering=false, resource-id=, clickable=false, bounds=[301,1837][779,1896], enabled=true, focused=false, checked=false, scrollable=false, selected=false, class=android.widget.TextView, important-for-accessibility=true, error=}, children=[], clickable=false, enabled=true, focused=false, checked=false, selected=false)], clickable=true, enabled=true, focused=false, checked=false, selected=false), bounds=Bounds(x=228, y=1798, width=624, height=138))
10:02:53.246 [ INFO] maestro.Maestro.tap-HgV9Ck0: Tap aimed via settled hierarchy
10:02:53.247 [ INFO] maestro.Maestro.hierarchyBasedTap-ogj28Uc: Tapping at (540, 1867) using hierarchy based logic for wait
10:02:54.590 [ INFO] maestro.Maestro.hierarchyBasedTap-ogj28Uc: Something has changed in the UI judging by view hierarchy. Proceed.
10:02:54.591 [ INFO] maestro.cli.runner.CliConsoleListener.onCommandFinished: Tap on id: scanner-manual-entry-button COMPLETED
10:02:54.591 [ INFO] maestro.cli.runner.CliConsoleListener.onCommandStart: Assert that id: scanner-manual-input is visible RUNNING
10:02:54.750 [ INFO] maestro.cli.runner.CliConsoleListener.onCommandFinished: Assert that id: scanner-manual-input is visible COMPLETED
10:02:54.750 [ INFO] maestro.cli.runner.CliConsoleListener.onCommandStart: Tap on id: scanner-manual-input RUNNING
10:02:54.895 [ INFO] maestro.Maestro.tap-HgV9Ck0: Tapping on element:  UiElement(treeNode=TreeNode(attributes={text=, accessibilityText=, hintText=Type barcode or QR code value..., ignoreBoundsFiltering=false, resource-id=scanner-manual-input, clickable=true, bounds=[124,1090][956,1264], enabled=true, focused=true, checked=false, scrollable=false, selected=false, class=android.widget.EditText, important-for-accessibility=true, error=}, children=[], clickable=true, enabled=true, focused=true, checked=false, selected=false), bounds=Bounds(x=124, y=1090, width=832, height=174))
10:02:56.192 [ INFO] maestro.Maestro.tap-HgV9Ck0: Tap aimed via settled hierarchy
10:02:56.194 [ INFO] maestro.Maestro.hierarchyBasedTap-ogj28Uc: Tapping at (540, 1177) using hierarchy based logic for wait
10:02:57.874 [ INFO] maestro.Maestro.hierarchyBasedTap-ogj28Uc: Something has changed in the UI judging by view hierarchy. Proceed.
10:02:57.874 [ INFO] maestro.cli.runner.CliConsoleListener.onCommandFinished: Tap on id: scanner-manual-input COMPLETED
10:02:57.875 [ INFO] maestro.cli.runner.CliConsoleListener.onCommandStart: Input text ${value} RUNNING
10:02:57.929 [ INFO] maestro.Maestro.inputText: Inputting text: TEST-PICK-SHARED-PALLET
10:03:02.867 [ INFO] maestro.cli.runner.CliConsoleListener.onCommandFinished: Input text ${value} COMPLETED
10:03:02.876 [ INFO] maestro.cli.runner.CliConsoleListener.onCommandStart: Tap on id: scanner-manual-submit RUNNING
10:03:03.283 [ INFO] maestro.Maestro.tap-HgV9Ck0: Tapping on element:  UiElement(treeNode=TreeNode(attributes={text=, accessibilityText=Submit, hintText=, ignoreBoundsFiltering=false, resource-id=scanner-manual-submit, clickable=true, bounds=[560,884][956,1035], enabled=true, focused=false, checked=false, scrollable=false, selected=false, class=android.view.ViewGroup, important-for-accessibility=true, error=}, children=[TreeNode(attributes={text=Submit, accessibilityText=, hintText=, ignoreBoundsFiltering=false, resource-id=, clickable=false, bounds=[678,923][838,990], enabled=true, focused=false, checked=false, scrollable=false, selected=false, class=android.widget.TextView, important-for-accessibility=true, error=}, children=[], clickable=false, enabled=true, focused=false, checked=false, selected=false)], clickable=true, enabled=true, focused=false, checked=false, selected=false), bounds=Bounds(x=560, y=884, width=396, height=151))
10:03:05.027 [ INFO] maestro.Maestro.tap-HgV9Ck0: Tap aimed via settled hierarchy
10:03:05.029 [ INFO] maestro.Maestro.hierarchyBasedTap-ogj28Uc: Tapping at (758, 959) using hierarchy based logic for wait
10:03:08.824 [ INFO] maestro.Maestro.hierarchyBasedTap-ogj28Uc: Something has changed in the UI judging by view hierarchy. Proceed.
10:03:08.826 [ INFO] maestro.cli.runner.CliConsoleListener.onCommandFinished: Tap on id: scanner-manual-submit COMPLETED
10:03:08.827 [ INFO] maestro.cli.runner.CliConsoleListener.onCommandStart: Wait for animation to end RUNNING
10:03:08.829 [ INFO] maestro.Maestro.waitForAnimationToEnd$lambda$53: Waiting for animation to end with timeout 15000
10:03:08.829 [TRACE] maestro.utils.ScreenshotUtils.takeScreenshot: Taking screenshot to byte array
10:03:08.829 [TRACE] maestro.utils.ScreenshotUtils.takeScreenshot: Taking screenshot to output sink
10:03:09.206 [TRACE] maestro.utils.ScreenshotUtils.takeScreenshot: Taking screenshot to byte array
10:03:09.206 [TRACE] maestro.utils.ScreenshotUtils.takeScreenshot: Taking screenshot to output sink
10:03:09.766 [ INFO] maestro.cli.runner.CliConsoleListener.onCommandFinished: Wait for animation to end COMPLETED
10:03:09.767 [ INFO] maestro.cli.runner.CliConsoleListener.onCommandStart: Take screenshot after-scan-${value} RUNNING
10:03:09.774 [ INFO] maestro.Maestro.takeScreenshot: Taking screenshot
10:03:09.775 [TRACE] maestro.utils.ScreenshotUtils.takeScreenshot: Taking screenshot to output sink
10:03:10.074 [ INFO] maestro.cli.runner.CliConsoleListener.onCommandFinished: Take screenshot after-scan-${value} COMPLETED
10:03:10.077 [ INFO] maestro.cli.runner.CliConsoleListener.onCommandFinished: Confirm destination pallet TEST-PICK-SHARED-PALLET COMPLETED
10:03:10.077 [ INFO] maestro.cli.runner.CliConsoleListener.onCommandStart: Assert that "Complete Work Order" is visible RUNNING
10:03:10.404 [ INFO] maestro.cli.runner.CliConsoleListener.onCommandFinished: Assert that "Complete Work Order" is visible COMPLETED
10:03:10.404 [ INFO] maestro.cli.runner.CliConsoleListener.onCommandStart: Take screenshot work-order-ready RUNNING
10:03:10.405 [ INFO] maestro.Maestro.takeScreenshot: Taking screenshot
10:03:10.406 [TRACE] maestro.utils.ScreenshotUtils.takeScreenshot: Taking screenshot to output sink
10:03:10.751 [ INFO] maestro.cli.runner.CliConsoleListener.onCommandFinished: Take screenshot work-order-ready COMPLETED
10:03:10.751 [ INFO] maestro.cli.runner.CliConsoleListener.onCommandStart: Complete work order RUNNING
10:03:11.132 [ INFO] maestro.Maestro.tap-HgV9Ck0: Tapping on element:  UiElement(treeNode=TreeNode(attributes={text=Complete Work Order, accessibilityText=, hintText=, ignoreBoundsFiltering=false, resource-id=, clickable=false, bounds=[292,1236][787,1295], enabled=true, focused=false, checked=false, scrollable=false, selected=false, class=android.widget.TextView, important-for-accessibility=true, error=}, children=[], clickable=false, enabled=true, focused=false, checked=false, selected=false), bounds=Bounds(x=292, y=1236, width=495, height=59))
10:03:12.747 [ INFO] maestro.Maestro.tap-HgV9Ck0: Tap aimed via settled hierarchy
10:03:12.748 [ INFO] maestro.Maestro.hierarchyBasedTap-ogj28Uc: Tapping at (539, 1265) using hierarchy based logic for wait
10:03:13.992 [ INFO] maestro.Maestro.hierarchyBasedTap-ogj28Uc: Something has changed in the UI judging by view hierarchy. Proceed.
10:03:13.992 [ INFO] maestro.cli.runner.CliConsoleListener.onCommandFinished: Complete work order COMPLETED
10:03:13.992 [ INFO] maestro.cli.runner.CliConsoleListener.onCommandStart: Assert that "COMPLETE" is visible RUNNING
10:03:14.117 [ INFO] maestro.cli.runner.CliConsoleListener.onCommandFinished: Assert that "COMPLETE" is visible COMPLETED
10:03:14.118 [ INFO] maestro.cli.runner.CliConsoleListener.onCommandStart: Tap on "COMPLETE" RUNNING
10:03:14.254 [ INFO] maestro.Maestro.tap-HgV9Ck0: Tapping on element:  UiElement(treeNode=TreeNode(attributes={text=COMPLETE, accessibilityText=, hintText=, ignoreBoundsFiltering=false, resource-id=android:id/button1, clickable=true, bounds=[681,1239][974,1391], enabled=true, focused=false, checked=false, scrollable=false, selected=false, class=android.widget.Button, important-for-accessibility=true, error=}, children=[], clickable=true, enabled=true, focused=false, checked=false, selected=false), bounds=Bounds(x=681, y=1239, width=293, height=152))
10:03:15.596 [ INFO] maestro.Maestro.tap-HgV9Ck0: Tap aimed via settled hierarchy
10:03:15.597 [ INFO] maestro.Maestro.hierarchyBasedTap-ogj28Uc: Tapping at (827, 1315) using hierarchy based logic for wait
10:03:17.018 [ INFO] maestro.Maestro.hierarchyBasedTap-ogj28Uc: Something has changed in the UI judging by view hierarchy. Proceed.
10:03:17.019 [ INFO] maestro.cli.runner.CliConsoleListener.onCommandFinished: Tap on "COMPLETE" COMPLETED
10:03:17.019 [ INFO] maestro.cli.runner.CliConsoleListener.onCommandStart: Assert that "Work order case completed successfully!" is visible RUNNING
10:03:17.148 [ INFO] maestro.cli.runner.CliConsoleListener.onCommandFinished: Assert that "Work order case completed successfully!" is visible COMPLETED
10:03:17.149 [ INFO] maestro.cli.runner.CliConsoleListener.onCommandStart: Take screenshot final-state RUNNING
10:03:17.151 [ INFO] maestro.Maestro.takeScreenshot: Taking screenshot
10:03:17.151 [TRACE] maestro.utils.ScreenshotUtils.takeScreenshot: Taking screenshot to output sink
10:03:17.445 [ INFO] maestro.cli.runner.CliConsoleListener.onCommandFinished: Take screenshot final-state COMPLETED
10:03:17.446 [ INFO] maestro.cli.runner.CliConsoleListener.onCommandStart: Assert that id: confirm-location-button is not visible RUNNING
10:03:18.206 [ INFO] maestro.cli.runner.CliConsoleListener.onCommandFinished: Assert that id: confirm-location-button is not visible COMPLETED
